Time (s),Signal (Green),BPM
0.38,52.73,0
0.56,55.47,0
0.65,64.4,0
0.75,67.82,0
0.82,73.11,0
0.88,68.33,0
0.95,66.47,0
1.01,67.6,0
1.07,69.88,0
1.15,68.14,0
1.21,73.71,0
1.27,66.29,0
1.34,64.88,0
1.4,70.31,0
1.46,67.91,0
1.52,63.67,0
1.58,62.23,0
1.65,63.38,0
1.72,61.51,0
1.79,63.02,0
1.84,61.73,0
1.91,62.59,0
1.98,69.86,0
2.08,58.73,0
2.14,68.68,0
2.2,66.59,0
2.27,64.13,0
2.33,67.91,0
2.4,66.2,0
2.46,69.01,60
2.51,64.31,58
2.56,65.89,56
2.62,67.19,54
2.68,66.28,52
2.73,65.66,51
2.82,65.23,50
2.88,64.02,48
2.96,68.22,94
3.05,63.3,92
3.11,63.84,90
3.18,64.85,87
3.22,71.54,85
3.28,70.76,83
3.33,68.59,81
3.39,65.63,80
3.46,69.04,78
3.53,71.9,76
3.58,67.86,75
3.63,70.13,73
3.68,69.04,72
3.74,65.21,70
3.8,71.31,69
3.86,67.74,67
3.92,69.14,66
3.99,62.59,65
4.05,72.34,64
4.12,65.05,63
4.18,72.0,62
4.24,66.49,61
4.3,68.75,60
4.37,62.63,59
4.45,67.07,58
4.52,66.65,57
4.57,74.09,56
4.62,63.98,55
4.68,66.66,54
4.73,68.23,53
4.81,67.53,52
4.87,72.7,52
4.93,69.77,51
5.0,69.64,50
5.06,75.95,75
5.11,70.85,49
5.17,71.34,48
5.23,71.7,48
5.29,70.4,71
5.35,73.68,70
5.41,74.67,69
5.47,69.81,91
5.54,69.71,90
5.62,71.56,88
5.68,69.78,87
5.74,71.01,86
5.79,78.0,85
5.85,75.24,84
6.16,84.96,83
6.22,78.51,82
6.29,78.32,81
6.36,76.26,80
6.42,75.74,80
6.49,77.01,79
6.55,81.63,58
6.61,81.09,58
6.68,77.14,57
6.75,77.62,56
6.81,80.1,56
6.87,79.65,55
6.94,77.47,55
7.02,79.35,54
7.08,78.18,53
7.13,79.65,89
7.21,75.53,88
7.32,70.93,52
7.38,80.01,86
7.44,80.76,85
7.51,79.73,84
16.54,82.35,60
16.63,76.2,48
16.7,72.73,48
16.75,71.22,48
16.87,74.31,48
16.96,69.2,48
17.04,67.31,48
17.12,72.9,48
17.2,73.81,84
17.26,71.92,48
17.34,71.44,84
17.44,73.19,84
17.52,74.0,48
17.61,75.14,48
17.71,73.19,48
17.79,70.31,84
17.87,68.7,84
17.95,67.04,84
18.02,58.48,84
18.12,62.35,84
18.22,60.06,84
18.31,60.81,84
18.4,60.66,84
18.52,63.63,48
18.57,66.91,48
18.63,63.82,48
18.68,62.32,48
18.72,60.79,48
18.77,55.8,48
18.8,50.68,48
18.85,56.22,48
18.91,63.49,84
18.94,59.02,84
18.99,55.33,48
19.04,57.4,108
19.1,63.35,84
19.16,63.39,156
19.21,61.17,84
19.25,67.13,84
19.29,64.92,72
19.32,58.26,84
19.35,60.97,84
19.39,55.12,48
19.41,60.32,84
19.44,58.35,84
19.47,64.63,48
19.5,62.51,156
19.53,63.09,156
19.56,61.4,156
19.61,63.7,156
19.67,52.6,72
19.7,60.63,156
19.74,57.93,156
19.77,56.3,156
19.8,59.54,156
19.84,65.55,84
19.87,58.42,156
19.93,60.42,156
19.98,57.76,156
20.02,54.86,132
20.06,54.49,84
20.12,56.85,156
20.15,59.41,132
20.18,55.34,84
20.22,54.54,156
20.25,52.51,84
20.29,55.16,156
20.32,53.99,156
20.35,50.63,156
20.4,56.29,156
20.47,61.8,84
20.52,56.13,156
20.57,61.45,156
20.63,55.17,156
20.66,53.39,156
20.69,55.75,156
20.72,50.28,156
20.76,50.45,156
20.79,51.52,156
20.84,56.57,156
20.88,53.35,156
20.91,53.52,156
20.94,55.27,156
20.99,60.1,156
21.05,51.37,156
21.08,59.61,96
21.11,51.81,156
21.14,55.19,144
21.2,51.28,156
21.26,51.28,156
21.3,54.11,156
21.33,52.5,156
21.37,53.51,156
21.4,63.72,156
21.44,56.45,156
21.47,57.08,156
21.5,49.56,156
21.54,59.55,156
21.57,58.8,156
21.6,52.48,156
21.64,56.57,156
21.67,59.31,156
21.73,59.31,156
21.77,57.58,156
21.82,59.72,156
21.87,56.06,156
21.9,50.94,120
21.93,54.77,84
21.97,56.12,156
22.0,54.63,156
22.04,50.49,84
22.09,50.49,156
22.12,58.67,120
22.17,49.66,156
22.22,47.59,156
22.26,53.31,156
22.3,48.05,84
22.34,63.08,84
22.4,58.65,156
22.44,60.37,84
22.47,60.36,156
22.51,60.36,156
22.55,51.71,156
22.58,53.09,84
22.6,54.64,84
22.64,54.93,84
22.67,61.34,156
22.7,60.69,156
22.73,55.3,156
22.76,61.68,120
22.81,62.79,156
22.85,59.38,156
22.87,60.16,156
22.92,62.25,156
22.95,62.25,156
22.97,51.32,156
23.0,55.93,156
23.04,58.66,156
23.07,53.55,156
23.11,55.74,156
23.14,54.72,156
23.17,58.87,156
23.2,57.75,156
23.23,53.92,156
23.27,62.57,120
23.3,58.99,156
23.34,59.94,156
23.38,59.94,156
23.41,57.12,120
23.45,59.45,120
23.49,55.23,120
23.52,58.08,156
23.55,54.26,120
23.59,60.4,156
23.64,65.5,60
23.68,59.67,60
23.73,59.55,156
23.76,57.38,156
23.81,58.75,156
23.85,58.8,156
23.89,54.92,156
23.96,60.22,156
24.0,64.89,156
24.03,61.39,156
24.06,60.45,156
24.12,60.62,156
24.15,59.85,156
24.19,53.59,156
24.21,58.59,156
24.24,58.59,156
24.27,59.11,156
24.31,57.79,156
24.34,60.3,156
24.37,62.51,60
24.4,60.97,156
24.43,56.52,156
24.46,58.05,156
24.48,56.5,156
24.52,55.88,60
24.56,56.81,156
24.59,65.31,144
24.62,63.21,60
24.66,63.21,60
24.71,63.19,60
24.74,57.57,144
24.77,60.32,144
24.81,56.37,144
24.84,58.65,144
24.87,64.58,144
24.9,60.4,144
24.94,60.95,144
24.99,62.29,144
25.04,59.43,144
25.08,53.2,60
25.13,52.09,60
25.17,48.94,60
25.21,57.93,144
25.24,55.68,60
25.27,58.0,60
25.3,52.27,120
25.34,56.08,60
25.37,50.36,144
25.4,54.24,60
25.44,55.95,60
25.47,55.95,60
25.5,53.43,60
25.54,57.95,60
25.57,56.65,60
25.61,56.83,60
25.64,55.17,60
25.67,56.64,60
25.7,49.86,120
25.74,58.83,60
25.77,53.75,60
25.83,52.98,60
25.87,49.19,60
25.9,49.54,60
25.96,49.54,60
26.0,53.39,60
26.04,52.76,60
26.07,54.98,84
26.1,54.11,60
26.14,55.55,84
26.21,51.55,60
26.26,52.0,60
26.31,52.37,84
26.34,54.79,84
26.38,54.79,84
26.4,69.03,60
26.44,60.75,84
26.47,58.44,84
26.52,60.03,84
26.56,59.89,84
26.59,55.43,84
26.62,66.38,84
26.66,59.58,84
26.69,67.68,60
26.72,65.99,60
26.8,65.62,60
26.84,65.34,60
26.91,70.05,60
26.94,64.47,60
26.97,63.43,72
27.0,64.46,60
27.04,58.84,60
27.07,65.52,84
27.1,60.5,60
27.14,56.38,60
27.17,62.8,72
27.2,62.8,72
27.24,56.68,60
27.28,63.8,132
27.33,58.33,60
27.37,60.07,60
27.42,61.27,60
27.48,57.11,72
27.54,60.26,60
27.57,62.71,60
27.61,56.83,72
27.64,61.69,60
27.67,63.16,60
27.7,60.94,72
27.74,65.26,60
27.77,58.78,60
27.81,61.39,60
27.85,65.4,60
27.88,56.54,72
27.92,59.13,72
27.96,57.68,72
27.99,61.96,72
28.03,55.92,72
28.07,71.73,72
28.1,56.88,72
28.14,57.96,72
28.17,58.72,72
28.21,67.63,72
28.24,59.71,60
28.27,66.38,72
28.3,67.93,72
28.34,56.94,60
28.37,69.37,72
28.4,61.63,60
28.44,61.87,60
28.47,68.02,60
28.51,69.35,72
28.54,62.82,72
28.58,61.51,72
28.62,66.27,72
28.65,58.17,72
28.68,60.4,72
28.72,62.52,72
28.75,56.57,72
28.79,76.71,60
28.83,64.08,72
28.86,64.98,72
28.94,59.46,72
28.97,67.91,72
29.0,60.41,72
29.04,68.97,72
29.07,57.61,60
29.11,56.63,60
29.15,57.13,72
29.18,57.56,60
29.21,60.06,60
29.24,62.28,72
29.28,60.1,72
29.32,58.8,72
29.36,59.16,72
29.39,59.06,72
29.46,59.47,72
29.51,53.11,72
29.54,60.23,60
29.6,56.62,72
29.64,52.76,72
29.67,59.61,72
29.71,54.97,72
29.75,52.06,72
29.78,52.29,72
29.82,48.85,72
29.85,57.75,60
29.89,57.58,60
29.92,51.66,72
29.95,55.48,72
29.99,51.54,72
30.04,52.96,72
30.08,56.95,72
30.11,55.49,72
30.14,56.18,72
30.17,57.3,72
30.21,55.45,72
30.24,52.89,60
30.29,54.29,60
30.32,49.7,60
30.38,54.04,72
30.43,58.42,72
30.47,52.24,72
30.5,50.86,72
30.53,56.27,60
30.56,60.15,60
30.6,56.14,60
30.64,52.02,72
30.67,54.97,72
30.71,51.4,72
30.74,59.8,60
30.78,58.36,60
30.81,57.03,108
30.85,55.36,108
30.89,53.92,108
30.92,54.87,60
30.96,57.57,60
30.99,51.34,48
31.02,58.28,60
31.06,53.21,108
31.09,55.48,108
31.12,53.57,108
31.16,54.8,108
31.2,56.92,108
31.24,52.1,60
31.28,55.78,108
31.31,51.08,60
31.34,54.75,84
31.39,53.28,48
31.43,60.41,48
31.46,53.97,108
31.49,57.49,84
31.53,53.85,84
31.57,57.35,84
31.6,55.63,84
31.63,53.91,84
31.66,60.26,84
31.7,52.7,84
31.72,56.35,84
31.76,51.35,84
31.79,55.6,108
31.82,55.66,108
31.86,58.01,108
31.89,56.27,84
31.92,57.81,84
31.96,55.13,84
32.02,54.6,84
32.06,57.12,84
32.11,52.66,84
32.14,58.37,84
32.18,57.15,108
32.2,58.51,84
32.24,58.85,108
32.27,53.14,108
32.33,55.47,108
32.38,58.07,108
32.42,58.42,48
32.47,55.17,84
32.51,55.34,108
32.55,57.69,108
32.58,54.3,108
32.61,53.7,108
32.64,53.33,108
32.67,53.19,120
32.7,55.0,108
32.74,57.52,120
32.79,62.3,84
32.82,57.89,120
32.86,54.05,120
32.93,52.21,120
32.98,56.23,120
33.01,54.02,120
33.07,54.19,120
33.12,58.44,120
33.16,58.02,108
33.21,53.26,120
33.24,53.46,120
33.28,53.5,120
33.31,54.02,156
33.34,53.49,120
33.39,58.37,120
33.43,56.4,120
33.47,57.51,120
33.51,54.53,120
33.55,56.46,120
33.59,55.03,120
33.62,54.06,120
33.66,53.93,120
33.69,53.38,120
33.72,53.47,120
33.76,55.43,120
33.79,53.2,96
33.83,54.72,120
33.86,57.36,120
33.89,54.75,120
33.92,54.46,120
33.96,55.0,120
33.99,54.62,120
34.03,53.78,120
34.07,57.36,120
34.11,51.0,120
34.14,61.23,96
34.19,55.22,120
34.23,56.35,120
34.27,58.73,96
34.33,54.21,120
34.37,48.91,48
34.41,53.18,48
34.45,55.87,96
34.49,50.01,96
34.54,58.67,120
34.56,57.41,84
34.61,54.96,96
34.64,56.29,96
34.68,55.48,120
34.71,55.59,96
34.74,52.51,48
34.78,53.91,96
34.81,51.59,48
34.85,54.87,120
34.89,57.33,96
34.93,56.41,120
34.98,53.39,120
35.01,59.98,120
35.06,57.29,120
35.1,56.73,96
35.14,55.27,120
35.18,54.22,96
35.21,58.07,120
35.25,54.65,96
35.29,57.48,120
35.33,56.57,120
35.36,58.44,156
35.39,57.87,96
35.43,51.91,48
35.46,57.23,156
35.48,56.97,156
35.51,55.83,96
35.54,56.29,156
35.6,61.97,96
35.64,61.97,96
35.68,56.17,60
35.71,53.85,84
35.74,54.69,84
35.77,67.24,48
35.81,55.94,96
35.84,59.69,156
35.88,54.32,96
35.91,53.01,48
35.94,57.49,120
35.98,56.19,96
36.01,54.21,120
36.04,63.27,60
36.08,63.27,120
36.14,57.93,132
36.18,56.48,132
36.23,57.09,180
36.27,51.24,132
36.31,61.7,84
36.35,64.03,48
36.41,64.35,48
36.46,58.81,120
36.49,60.79,120
36.52,60.79,120
36.56,62.08,120
36.61,63.0,96
36.65,60.4,180
36.68,58.29,84
36.72,55.43,48
36.77,51.59,60
36.83,65.35,96
36.89,70.89,96
36.96,70.89,180
37.04,67.67,96
37.08,67.06,120
37.11,64.75,180
37.14,70.94,96
37.18,65.08,180
37.21,72.54,96
37.24,62.58,120
37.28,68.56,120
37.31,71.84,120
37.36,71.84,120
37.39,65.71,96
37.43,68.81,120
37.49,65.6,96
37.56,67.91,120
37.61,62.56,180
37.64,74.58,96
37.68,70.85,96
37.73,71.82,96
37.78,68.79,120
37.84,64.2,120
37.89,67.88,120
37.92,66.63,120
37.96,65.5,120
38.01,69.12,120
38.06,66.92,120
38.09,66.68,120
38.13,66.79,120
38.16,69.01,120
38.19,69.01,120
38.23,67.61,120
38.26,67.0,120
38.29,62.47,120
38.34,65.36,120
38.38,64.49,120
38.42,60.34,120
38.46,57.24,120
38.49,58.96,120
38.53,62.08,120
38.58,61.87,120
38.61,62.94,120
38.64,56.67,120
38.68,55.03,180
38.71,61.73,120
38.74,56.47,120
38.8,61.41,120
38.83,61.04,72
38.87,58.1,120
38.9,55.61,120
38.94,62.7,72
38.98,58.87,120
39.02,61.55,120
39.06,61.55,120
39.1,59.45,120
39.14,60.47,120
39.18,60.48,120
39.21,60.08,120
39.26,63.22,72
39.3,58.3,72
39.34,61.83,72
39.38,62.03,144
39.41,64.37,120
39.44,53.71,72
39.48,56.06,72
39.51,59.73,144
39.55,49.2,48
39.6,50.02,120
39.63,55.53,72
39.67,50.88,120
39.7,57.37,72
39.73,51.0,72
39.76,48.94,72
39.79,51.52,72
39.83,54.57,72
39.86,54.57,72
39.9,55.53,72
39.95,57.14,72
40.0,59.13,72
40.04,56.43,120
40.11,55.45,120
40.14,59.18,72
40.19,61.86,72
40.22,62.15,72
40.26,59.77,60
40.29,59.77,72
40.33,57.16,72
40.36,58.86,60
40.4,59.37,72
40.44,61.84,72
40.48,57.02,72
40.51,64.3,72
40.56,55.45,72
40.59,58.6,72
40.64,57.03,72
40.68,63.16,72
40.72,51.97,48
40.78,56.17,72
40.81,56.17,60
40.87,50.54,60
40.91,58.46,72
40.95,61.33,60
40.99,66.18,72
41.03,60.99,72
41.06,59.14,72
41.09,59.09,72
41.13,58.38,72
41.17,60.33,72
41.21,60.33,72
41.25,56.59,72
41.29,60.17,72
41.33,62.66,72
41.36,62.41,60
41.39,57.09,72
41.43,61.65,72
41.46,62.92,72
41.5,55.71,72
41.53,52.67,72
41.6,47.69,60
41.64,54.25,72
41.68,47.34,60
41.71,48.3,72
41.74,51.03,60
41.78,53.83,72
41.81,54.64,72
41.85,48.48,72
41.88,48.69,72
41.91,50.29,72
41.95,50.5,72
41.98,51.76,72
42.01,57.37,72
42.05,53.32,72
42.08,58.41,72
42.11,55.14,72
42.14,56.91,72
42.18,57.21,72
42.21,55.48,72
42.25,58.69,72
42.28,57.9,72
42.35,52.69,72
42.38,57.99,72
42.41,58.47,72
42.46,59.81,72
42.5,56.84,72
42.55,53.35,72
42.6,56.29,72
42.63,54.38,72
42.66,56.25,72
42.7,69.62,72
42.73,59.17,72
42.77,60.43,72
42.8,60.26,72
42.83,51.75,60
42.87,59.39,72
42.9,62.34,72
42.93,62.02,72
42.96,57.52,60
42.99,56.81,72
43.03,55.22,72
43.06,57.84,72
43.09,60.84,72
43.12,60.06,60
43.16,54.61,72
43.19,54.05,72
43.23,64.48,60
43.26,57.32,60
43.31,55.42,72
43.35,64.86,72
43.38,61.42,72
43.41,57.44,72
43.45,58.01,60
43.48,58.03,72
43.52,65.36,72
43.55,60.4,72
43.58,56.98,60
43.61,55.28,60
43.66,56.62,60
43.7,57.55,60
43.75,55.68,60
43.78,55.84,60
43.82,55.8,60
43.85,61.09,60
43.88,64.73,72
43.91,56.48,60
43.95,59.49,60
43.98,52.92,72
44.01,53.82,72
44.05,52.85,72
44.07,55.68,72
44.11,48.58,72
44.14,48.61,72
44.18,54.25,60
44.21,55.63,60
44.25,57.55,60
44.28,54.03,60
44.32,53.02,60
44.35,50.71,72
44.38,51.44,60
44.41,56.47,60
44.45,52.22,72
44.49,56.73,72
44.53,48.78,60
44.56,50.7,60
44.6,56.77,72
44.65,51.25,60
44.69,54.49,72
44.75,57.69,72
44.8,59.13,72
44.83,58.8,72
44.9,54.65,60
44.95,55.94,60
44.99,62.41,60
45.03,61.28,60
45.06,57.47,72
45.1,58.46,72
45.15,55.97,72
45.18,60.78,72
45.21,60.48,72
45.26,64.84,60
45.3,57.86,72
45.33,62.13,60
45.36,58.91,48
45.39,58.04,48
45.43,56.74,48
45.48,59.25,72
45.53,57.59,72
45.56,59.41,72
45.59,58.86,72
45.63,61.7,72
45.66,60.12,72
45.7,55.21,156
45.73,55.77,156
45.77,56.94,48
45.79,57.99,48
45.83,55.88,72
45.86,58.05,156
45.9,58.19,48
45.93,56.41,156
45.96,58.8,48
46.0,51.8,72
46.03,59.1,48
46.06,57.44,48
46.11,60.74,48
46.14,55.81,156
46.18,69.73,48
46.21,61.7,48
46.26,58.54,48
46.3,61.8,48
46.35,54.82,48
46.38,62.04,48
46.41,58.74,48
46.45,55.76,96
46.48,56.07,48
46.52,61.44,48
46.56,59.24,48
46.6,58.58,48
46.65,58.55,96
46.68,54.19,48
46.71,55.98,96
46.75,60.6,96
46.78,58.37,48
46.82,54.15,48
46.85,63.66,48
46.9,55.96,48
46.93,58.21,48
46.97,53.09,48
47.0,55.52,48
47.03,51.37,120
47.07,53.32,48
47.09,60.18,120
47.12,57.16,120
47.15,59.96,48
47.19,59.7,48
47.22,52.26,144
47.27,58.09,48
47.31,55.44,144
47.35,56.04,120
47.38,58.6,48
47.41,50.29,120
47.44,60.95,144
47.48,56.24,120
47.51,53.91,60
47.55,59.35,120
47.6,57.93,120
47.63,56.3,120
47.66,52.91,48
47.7,50.47,144
47.74,50.18,48
47.78,57.34,144
47.81,52.41,120
47.85,52.09,120
47.88,52.26,120
47.91,52.02,144
47.95,55.18,60
48.0,58.98,60
48.05,56.36,60
48.08,55.56,60
48.11,53.95,48
48.15,58.87,144
48.18,58.4,144
48.21,54.76,144
48.24,57.71,60
48.28,51.88,144
48.31,52.11,72
48.35,52.59,60
48.4,54.37,144
48.44,56.29,144
48.48,51.62,144
48.51,51.5,144
48.55,50.36,144
48.58,53.13,144
48.63,57.26,108
48.67,50.46,144
48.71,54.06,60
48.75,53.04,144
48.78,59.05,144
48.81,56.42,60
48.86,54.4,60
48.89,53.17,144
48.93,54.79,108
48.96,56.84,60
49.0,52.96,144
49.05,57.01,144
49.1,55.45,108
49.13,53.91,108
49.17,57.55,60
49.2,55.83,108
49.23,53.24,48
49.27,54.9,60
49.3,55.58,60
49.33,53.88,72
49.37,58.45,72
49.4,51.64,108
49.43,52.35,108
49.47,53.05,108
49.5,51.57,108
49.53,55.25,72
49.57,56.09,72
49.6,54.65,72
49.63,55.77,72
49.67,52.24,60
49.7,52.24,60
49.73,58.55,48
49.76,52.39,60
49.8,58.63,72
49.83,60.35,72
49.86,56.43,72
49.9,58.37,72
49.93,54.03,72
49.96,54.76,72
50.0,56.13,72
50.03,55.37,72
50.06,52.37,72
50.1,52.37,72
50.13,51.41,72
50.16,55.51,72
50.2,53.81,72
50.24,53.91,72
50.29,57.16,72
50.33,57.28,72
50.36,52.28,72
50.4,55.15,72
50.45,53.31,72
50.49,53.31,72
50.53,55.25,72
50.56,55.44,72
50.6,56.08,72
50.63,55.37,108
50.67,55.53,72
50.73,54.01,108
50.77,57.94,72
50.82,52.53,72
50.86,57.99,72
50.9,59.6,72
50.95,55.04,72
50.99,58.36,72
51.03,56.76,72
51.07,55.43,72
51.1,55.58,72
51.13,57.13,72
51.16,57.43,72
51.2,56.17,72
51.23,52.19,72
51.26,54.98,72
51.3,57.91,72
51.33,57.91,72
51.36,54.25,72
51.4,57.32,72
51.43,55.93,72
51.47,51.08,84
51.52,60.31,72
51.55,53.39,72
51.58,59.01,72
51.61,57.66,84
51.65,58.54,72
51.68,56.61,72
51.72,58.88,72
51.76,55.79,72
51.8,55.79,72
51.84,54.34,72
51.89,55.01,72
51.95,52.67,72
51.98,53.93,72
52.01,57.61,72
52.05,54.51,72
52.08,71.13,48
52.12,60.53,108
52.15,66.74,108
52.18,66.74,84
52.21,60.07,84
52.25,57.38,84
52.29,64.11,84
52.36,61.51,84
52.4,54.92,84
52.43,61.14,120
52.49,52.64,84
52.53,50.92,48
52.57,65.18,120
52.6,65.18,144
52.62,64.75,84
52.67,66.59,84
52.7,64.36,84
52.73,70.09,84
52.77,65.95,144
52.82,67.69,84
52.87,67.75,84
52.91,68.32,120
52.95,61.17,144
52.98,64.08,72
53.02,67.18,120
53.05,67.18,120
53.08,72.1,144
53.11,72.21,120
53.15,70.12,120
53.18,67.34,120
53.23,65.74,120
53.3,64.43,120
53.34,65.63,120
53.39,64.12,120
53.45,60.91,120
53.5,60.91,120
53.55,67.92,144
53.58,72.31,144
53.62,67.45,144
53.66,68.01,144
53.7,69.88,84
53.73,60.56,144
53.76,62.08,144
53.8,64.28,144
53.83,63.05,144
53.86,63.05,144
53.9,66.68,144
53.93,64.63,144
53.97,61.18,144
54.0,61.39,144
54.03,64.93,144
54.07,63.93,144
54.1,62.55,144
54.13,61.0,144
54.19,65.7,144
54.23,62.56,144
54.26,59.75,144
54.3,58.21,144
54.33,58.21,144
54.38,54.15,108
54.42,68.14,144
54.45,68.69,144
54.49,67.77,144
54.54,62.66,144
54.59,61.19,144
54.63,63.79,144
54.69,66.14,144
54.72,66.14,144
54.78,63.76,144
54.81,63.23,144
54.85,58.6,144
54.88,63.03,144
54.92,68.75,144
54.95,67.83,144
54.99,68.98,144
55.02,67.16,144
55.05,59.69,144
55.08,60.95,144
55.12,63.37,144
55.15,66.37,144
55.18,66.37,144
55.22,68.52,144
55.25,62.72,144
55.3,65.35,144
55.33,60.59,144
55.37,57.12,144
55.4,58.15,144
55.43,53.37,144
55.47,53.08,144
55.51,50.93,144
55.54,47.65,144
55.6,53.72,144
55.65,56.34,156
55.69,49.01,156
55.72,54.41,156
55.75,54.82,156
55.78,51.14,156
55.81,54.63,156
55.85,54.32,156
55.89,49.81,156
55.93,49.43,156
55.98,48.55,156
56.02,49.7,96
56.05,55.5,156
56.08,43.7,96
56.12,50.7,156
56.15,52.94,156
56.18,52.21,156
56.22,53.78,156
56.27,57.96,156
56.3,60.09,156
56.33,58.89,156
56.35,53.33,156
56.41,59.1,156
56.45,45.89,132
56.48,41.96,48
56.53,35.11,60
56.57,35.52,60
56.61,31.68,48
56.65,39.28,132
56.68,47.5,132
56.72,46.93,132
56.77,35.56,132
56.82,36.97,132
56.85,43.91,132
56.88,34.6,132
56.92,41.48,132
56.95,40.81,132
56.98,44.59,132
57.03,38.68,132
57.06,33.05,132
57.11,28.36,120
57.17,30.4,132
57.2,46.72,132
57.24,30.54,132
57.28,38.85,132
57.32,33.57,132
57.35,43.67,132
57.38,45.11,120
57.42,34.97,132
57.47,34.7,132
57.52,42.88,132
57.55,26.07,132
57.59,34.33,132
57.63,30.44,132
57.67,27.18,132
57.7,30.06,132
57.74,29.15,132
57.77,34.01,132
57.83,35.49,60
57.89,30.52,132
57.96,36.88,132
58.0,33.79,132
58.07,30.87,132
58.15,30.18,132
58.19,38.26,60
58.26,39.92,60
58.33,30.68,132
58.37,43.88,60
58.42,28.19,60
58.45,32.41,60
58.51,35.76,120
58.54,31.84,120
58.57,34.69,120
58.61,44.28,120
58.65,44.96,120
58.68,46.19,120
58.72,40.76,132
58.75,39.59,132
58.78,42.07,132
58.84,35.22,60
58.87,43.73,132
58.91,45.64,132
58.95,36.78,60
58.99,38.42,60
59.05,44.45,60
59.1,41.63,60
59.14,44.49,60
59.17,29.73,60
59.2,29.09,60
59.24,28.72,120
59.29,38.45,120
59.34,46.64,120
59.39,40.21,120
59.42,37.34,60
59.45,31.21,120
59.49,37.96,120
59.54,42.55,60
59.57,37.35,120
59.62,40.96,120
59.65,30.59,120
59.7,38.22,120
59.73,36.62,120
59.77,34.8,120
59.83,39.88,120
59.87,36.44,120
59.91,37.06,120
59.95,26.53,60
59.98,46.74,120
60.01,26.71,60
60.05,32.66,60
60.11,36.67,120
60.15,40.27,120
60.19,34.51,120
60.25,42.73,120
60.3,32.15,120
60.34,45.65,120
60.39,46.47,120
60.44,37.2,120
60.47,35.14,60
60.51,40.44,60
60.56,38.01,60
60.61,43.38,60
60.65,38.12,132
60.7,36.87,132
60.73,43.02,60
60.79,46.76,60
60.82,36.7,120
60.85,40.87,60
60.91,31.93,120
60.96,33.18,120
61.02,33.85,120
61.05,46.78,120
61.12,33.26,132
61.15,26.61,132
61.19,39.52,120
61.22,36.01,120
61.25,47.19,120
61.29,34.96,120
61.32,28.2,120
61.35,39.84,120
61.38,28.89,120
61.42,35.86,120
61.45,33.0,120
61.5,32.16,120
61.53,29.22,120
61.59,29.36,120
61.63,37.73,120
61.68,37.45,120
61.72,33.95,120
61.75,44.48,120
61.78,36.33,120
61.82,38.31,120
61.89,38.71,120
61.94,31.51,120
61.99,26.17,120
62.02,43.71,120
62.05,41.26,120
62.09,29.04,120
62.12,37.51,120
62.15,43.4,120
62.18,36.32,120
62.22,38.66,120
62.3,30.72,48
62.34,25.2,48
62.39,26.47,48
62.42,43.07,120
62.45,30.86,120
62.51,34.85,48
62.55,26.64,48
62.59,28.42,48
62.64,33.72,48
62.66,40.24,48
62.69,41.12,48
62.73,41.01,48
62.77,34.76,72
62.81,36.24,144
62.85,32.61,144
62.88,38.6,144
62.91,23.42,72
62.95,34.05,72
62.98,30.33,144
63.02,33.6,144
63.08,27.81,72
63.12,39.2,144
63.17,34.38,144
63.2,35.48,144
63.23,30.05,144
63.27,32.43,144
63.32,31.45,96
63.35,34.24,96
63.38,40.73,96
63.41,33.7,96
63.45,30.54,144
63.48,43.04,96
63.53,38.26,144
63.57,36.43,96
63.62,44.21,96
63.65,44.34,96
63.68,43.97,96
63.71,48.07,96
63.75,39.31,96
63.79,36.36,72
63.84,37.9,72
63.87,46.1,96
63.9,39.25,72
63.94,30.51,72
63.99,39.12,72
64.03,32.64,72
64.07,32.64,72
64.13,27.95,72
64.17,27.76,72
64.22,27.46,72
64.26,26.53,72
64.32,38.03,72
64.37,36.05,72
64.4,29.81,72
64.46,35.0,72
64.51,31.98,72
64.54,31.98,72
64.58,36.39,72
64.61,31.24,72
64.66,29.46,72
64.69,28.54,72
64.72,35.24,72
64.76,31.76,72
64.82,36.58,72
64.86,41.31,72
64.92,41.31,72
64.96,37.27,72
65.02,35.88,72
65.05,39.58,72
65.1,33.44,72
65.15,30.27,72
65.19,36.82,72
65.24,30.48,72
65.28,26.42,72
65.32,44.88,72
65.36,44.88,72
65.39,47.48,72
65.44,39.26,72
65.49,35.83,156
65.55,40.89,72
65.59,40.03,72
65.63,27.03,48
65.67,37.8,72
65.71,35.58,48
65.76,27.08,84
65.79,27.08,84
65.85,34.46,156
65.89,50.69,48
65.92,38.51,156
65.96,36.69,156
66.01,38.45,156
66.04,32.82,156
66.09,29.48,156
66.14,32.87,156
66.18,32.87,72
66.22,27.75,156
66.27,24.9,156
66.3,31.56,156
66.34,36.59,156
66.39,40.21,156
66.42,37.24,156
66.45,40.79,72
66.49,39.87,156
66.53,25.59,156
66.57,31.21,156
66.61,37.51,156
66.64,26.85,156
66.7,36.64,156
66.74,31.49,156
66.77,35.26,156
66.8,33.12,156
66.87,20.45,156
66.89,37.24,156
66.96,38.77,156
67.0,29.51,156
67.04,34.84,84
67.08,41.34,84
67.1,34.51,156
67.15,36.81,72
67.19,32.09,156
67.22,26.85,144
67.25,36.51,156
67.28,37.43,156
67.32,30.45,84
67.36,35.55,156
67.39,35.82,156
67.43,35.19,156
67.48,35.19,156
67.52,41.63,144
67.55,37.06,156
67.6,46.27,72
67.63,37.34,156
67.67,42.1,72
67.71,39.98,132
67.75,38.76,132
67.77,36.57,132
67.82,31.68,60
67.86,35.92,132
67.9,45.06,144
67.94,33.41,60
67.97,43.94,132
68.01,35.01,132
68.06,40.56,132
68.11,31.53,72
68.15,35.13,144
68.19,48.75,60
68.22,35.74,132
68.26,38.42,132
68.3,43.63,60
68.35,31.74,132
68.4,42.0,60
68.44,42.03,60
68.47,33.6,144
68.5,33.03,60
68.55,46.9,60
68.61,43.07,60
68.66,38.24,60
68.69,42.91,132
68.72,38.32,132
68.76,38.32,132
68.8,36.57,132
68.84,41.94,144
68.87,42.28,144
68.89,49.38,144
68.95,35.7,60
68.99,48.96,132
69.02,27.31,60
69.07,43.51,132
69.11,45.03,132
69.14,45.03,132
69.19,38.74,60
69.22,32.18,144
69.26,41.15,144
69.3,41.66,144
69.34,33.14,144
69.37,38.81,144
69.4,41.67,144
69.45,46.65,144
69.49,39.8,144
69.52,42.47,60
69.55,47.71,144
69.59,47.71,144
69.63,47.74,144
69.66,42.13,144
69.7,41.1,144
69.76,52.96,144
69.81,42.25,144
69.86,52.02,144
69.89,39.84,144
69.94,38.58,144
69.97,38.96,144
70.0,38.96,144
70.07,46.38,144
70.1,44.95,156
70.14,41.25,144
70.2,34.84,144
70.24,41.72,144
70.29,47.91,144
70.33,38.87,144
70.38,31.52,156
70.42,41.24,132
70.45,39.76,144
70.49,45.22,144
70.52,47.61,144
70.56,35.58,132
70.61,39.33,144
70.66,36.48,144
70.71,39.71,132
70.75,30.54,144
70.79,37.99,132
70.82,41.37,132
70.85,43.72,144
70.89,36.79,132
70.92,36.29,132
70.96,44.48,132
71.01,42.56,132
71.04,38.27,132
71.07,44.24,144
71.12,47.3,132
71.15,39.61,132
71.19,36.93,144
71.22,42.47,132
71.26,40.17,144
71.29,47.49,132
71.33,33.62,60
71.36,32.29,60
71.39,30.96,60
71.42,38.76,108
71.45,47.66,108
71.5,28.45,60
71.54,32.42,108
71.57,48.48,108
71.61,52.13,108
71.64,29.93,108
71.69,34.23,108
71.74,50.83,60
71.77,52.4,48
71.8,56.45,60
71.83,48.56,108
71.86,52.88,108
71.92,52.05,108
71.96,50.24,108
71.99,56.74,60
72.03,49.68,60
72.06,53.91,60
72.09,57.42,60
72.13,56.44,60
72.16,56.31,60
72.19,54.98,60
72.22,59.63,60
72.25,59.57,60
72.28,59.16,60
72.31,54.58,96
72.35,53.01,60
72.4,57.65,60
72.43,60.05,96
72.48,61.61,60
72.52,66.74,60
72.56,65.21,60
72.59,63.64,60
72.65,58.34,72
72.69,57.13,96
72.75,56.72,96
72.79,56.43,96
72.82,62.45,96
72.86,61.1,96
72.89,58.13,96
72.92,55.74,96
72.96,57.77,96
73.0,57.3,60
73.04,55.77,96
73.08,58.12,96
73.14,59.76,96
73.17,61.39,96
73.2,58.4,96
73.23,66.81,96
73.27,59.14,96
73.3,51.2,96
73.33,60.26,96
73.37,55.12,96
73.4,57.37,96
73.44,60.93,96
73.47,53.55,96
73.56,59.26,96
73.61,56.26,96
73.64,60.69,96
73.68,52.55,96
73.71,57.45,60
73.75,60.42,96
73.82,51.03,60
73.86,47.14,96
73.89,54.88,96
73.93,54.54,96
73.96,55.76,96
73.99,46.24,96
74.02,62.37,60
74.08,51.43,96
74.12,57.96,96
74.15,54.18,60
74.19,61.47,60
74.22,53.52,96
74.26,52.07,60
74.29,49.89,60
74.32,52.1,96
74.35,67.97,96
74.4,47.53,60
74.43,58.13,96
74.46,55.95,96
74.5,59.32,96
74.53,57.85,96
74.56,66.2,96
74.6,62.83,96
74.63,66.64,96
74.66,68.29,96
74.74,67.76,96
74.78,67.34,96
74.81,67.56,96
74.84,61.33,96
74.87,61.58,96
74.91,62.53,96
74.93,68.67,96
74.98,57.09,96
75.04,61.18,96
75.07,62.07,96
75.1,65.72,96
75.13,61.16,96
75.16,61.76,96
75.19,61.66,96
75.22,58.44,96
75.26,61.71,96
75.29,57.97,96
75.35,62.47,96
75.39,60.01,96
75.43,62.96,96
75.47,72.94,48
75.5,62.95,96
75.53,57.03,96
75.57,59.22,96
75.6,61.23,96
75.63,59.64,96
75.66,54.7,96
75.71,58.59,96
75.75,54.53,96
75.78,61.2,96
75.82,60.09,96
75.86,60.82,96
75.91,68.86,96
75.96,52.85,96
75.99,52.41,96
76.03,60.13,96
76.08,64.67,96
76.14,76.37,96
76.18,74.58,96
76.21,80.5,72
76.25,75.45,96
76.28,81.11,96
76.31,79.93,96
76.34,82.73,48
76.38,82.45,96
76.42,76.05,96
76.46,79.19,96
76.49,81.42,96
76.53,82.04,96
76.58,77.26,96
76.61,75.71,48
76.64,70.18,48
76.67,80.31,96
76.71,73.62,72
76.76,72.4,96
76.81,75.44,96
76.84,73.26,48
76.88,68.62,48
76.91,73.31,48
76.96,72.8,96
76.99,74.87,72
77.03,74.82,72
77.06,72.0,96
77.11,77.28,48
77.16,76.51,72
77.2,73.22,72
77.28,80.08,48
77.31,72.59,84
77.35,75.17,72
77.39,69.53,72
77.42,67.39,72
77.45,63.62,72
77.48,61.41,72
77.53,59.0,72
77.57,65.33,72
77.6,70.1,84
77.65,63.12,84
77.7,66.47,84
77.73,63.84,84
77.76,60.3,84
77.79,70.36,84
77.82,68.78,84
77.87,62.39,84
77.9,68.83,84
77.93,60.2,84
77.97,65.8,84
78.01,67.86,84
78.1,64.21,84
78.15,58.25,84
78.22,61.31,84
78.26,62.85,84
78.31,59.05,84
78.35,55.22,84
78.4,51.2,84
78.44,55.82,84
78.47,55.82,84
78.5,51.94,84
78.53,56.61,84
78.58,55.73,84
78.63,56.21,84
78.68,53.33,84
78.72,59.27,84
78.77,53.49,84
78.82,58.29,84
78.85,53.36,84
78.89,53.36,84
78.92,50.14,84
78.97,58.15,84
79.01,46.68,84
79.04,61.32,84
79.07,57.24,84
79.11,53.2,84
79.15,53.73,84
79.2,50.98,84
79.23,58.78,84
79.26,60.66,84
79.3,52.48,84
79.33,52.48,84
79.38,55.84,84
79.41,52.62,84
79.44,50.32,84
79.49,55.74,84
79.53,55.19,84
79.56,56.53,84
79.6,55.4,84
79.64,45.87,84
79.67,53.75,84
79.7,53.75,84
79.74,52.79,84
79.77,47.6,84
79.81,52.59,84
79.86,56.38,84
79.89,57.73,84
79.92,58.63,84
79.97,53.45,84
80.02,53.37,84
80.05,53.41,84
80.08,53.13,84
80.13,46.6,84
80.17,58.51,84
80.21,58.51,84
80.25,52.42,84
80.28,51.36,84
80.31,50.08,84
80.36,49.09,84
80.4,51.39,84
80.43,50.97,84
80.47,51.29,84
80.51,58.52,84
80.56,55.15,84
80.59,55.15,84
80.62,48.65,84
80.66,50.72,84
80.73,48.77,84
80.76,51.34,84
80.8,46.21,84
80.84,49.09,84
80.88,48.25,84
80.95,58.78,72
81.01,58.78,84
81.05,50.21,84
81.12,58.29,84
81.2,62.41,84
81.31,48.05,84
81.36,52.52,84
81.41,56.4,84
81.45,56.4,84
81.51,49.78,72
81.56,53.09,72
81.61,51.0,72
81.67,52.87,72
81.72,53.5,84
81.76,54.9,84
81.82,48.07,84
81.87,46.49,84
81.92,47.95,84
81.98,49.0,84
82.02,50.3,72
82.07,52.56,72
82.13,52.81,72
82.18,56.32,72
82.23,51.87,96
82.27,46.93,72
82.33,46.93,72
82.38,49.1,72
82.43,55.92,72
82.49,56.06,72
82.53,51.32,72
82.58,44.96,72
82.63,48.44,72
82.68,47.63,72
82.72,45.48,72
82.77,44.67,72
82.83,50.58,72
82.87,46.97,108
82.92,48.83,108
82.98,42.02,72
83.03,46.63,72
83.08,46.89,72
83.13,46.89,72
83.19,49.9,72
83.23,44.82,108
83.3,44.28,72
83.34,47.11,72
83.39,45.89,72
83.45,46.57,72
83.49,43.26,72
83.54,45.65,72
83.6,42.1,72
83.65,40.56,72
83.69,42.72,72
83.77,51.74,108
83.83,44.24,72
83.87,49.08,108
83.93,44.25,72
83.99,50.15,72
84.04,50.15,108
84.08,49.45,72
84.14,49.69,108
84.19,51.9,108
84.24,49.16,108
84.28,39.87,108
84.33,45.96,108
84.38,45.51,108
84.42,49.63,108
84.47,49.63,108
84.51,43.0,108
84.56,44.62,108
84.61,49.75,108
84.66,55.19,108
84.72,51.55,108
84.77,49.29,108
84.81,52.03,108
84.86,50.03,72
84.91,47.0,108
84.95,43.95,108
85.0,47.44,108
85.04,45.59,108
85.09,49.18,108
85.14,44.01,108
85.18,46.54,108
85.26,40.01,108
85.31,50.23,108
85.35,43.69,108
85.4,45.57,108
85.45,46.07,108
85.49,47.74,108
85.54,48.17,108
85.59,44.64,108
85.63,43.43,108
85.69,46.57,108
85.74,45.93,108
85.79,43.57,108
85.84,43.72,108
85.88,42.62,108
85.93,50.72,72
85.98,43.24,108
86.02,45.51,108
86.07,43.75,132
86.11,44.31,108
86.16,47.63,108
86.21,43.15,108
86.25,43.75,108
86.3,48.72,108
86.38,45.55,108
86.42,47.69,108
86.47,51.71,108
86.52,43.31,108
86.57,47.46,108
86.63,47.19,108
86.69,47.95,108
86.74,46.28,108
86.79,50.4,108
86.86,54.64,108
86.9,48.75,108
86.94,50.75,108
86.98,42.25,132
87.03,42.58,132
87.07,44.22,108
87.12,48.21,108
87.17,44.84,108
87.22,49.85,108
87.28,43.57,108
87.33,45.64,108
87.38,47.85,132
87.43,45.49,108
87.47,53.71,84
87.52,57.24,84
87.57,53.2,132
87.61,53.98,132
87.66,54.84,132
87.71,51.05,132
87.75,50.15,84
87.8,53.79,132
87.85,51.35,84
87.89,57.01,132
87.94,53.66,84
87.98,50.46,84
88.03,56.36,84
88.08,52.32,84
88.12,48.34,84
88.17,50.8,84
88.22,50.37,96
88.26,49.89,84
88.31,50.46,96
88.37,54.08,84
88.42,55.75,84
88.47,49.07,120
88.51,56.4,96
88.56,49.03,84
88.6,50.33,120
88.65,52.97,48
88.7,48.35,120
88.74,46.6,120
88.79,50.11,96
88.84,50.16,96
88.88,51.88,120
88.93,56.08,120
88.98,51.92,120
89.02,54.84,120
89.07,44.71,120
89.12,51.45,120
89.16,58.62,96
89.21,55.05,96
89.26,50.63,120
89.31,48.73,120
89.35,50.05,120
89.4,48.4,120
89.44,48.07,120
89.49,48.04,96
89.54,46.78,120
89.58,45.09,120
89.63,49.05,120
89.68,45.7,120
89.72,47.74,120
89.77,51.29,120
89.82,47.14,120
89.86,46.75,72
89.91,46.7,120
89.96,44.62,120
90.0,43.57,120
90.05,43.77,120
90.1,40.21,120
90.14,41.34,120
90.19,46.38,120
90.24,48.39,120
90.28,46.93,120
90.33,47.4,120
90.38,39.44,96
90.42,48.96,120
90.47,42.76,120
90.52,48.97,120
90.56,42.24,120
90.61,40.7,120
90.64,41.9,120
90.69,50.08,96
90.73,46.11,120
90.78,49.64,96
90.83,48.37,120
90.87,45.49,120
90.92,43.22,60
90.96,49.39,120
91.01,44.15,60
91.06,45.92,120
91.1,43.89,60
91.15,41.25,60
91.2,47.54,60
91.24,45.31,60
91.29,44.11,60
91.34,42.68,60
91.38,46.93,60
91.43,43.12,60
91.48,44.62,60
91.52,45.47,60
91.57,48.98,60
91.62,51.56,60
91.66,43.41,60
91.71,44.95,60
91.76,42.09,84
91.8,41.78,84
91.85,41.76,84
91.9,44.58,84
91.95,46.12,144
91.99,43.72,144
92.04,44.56,60
92.08,45.75,144
92.13,48.15,72
92.17,49.02,144
92.22,40.16,60
92.27,47.14,108
92.3,47.58,72
92.33,46.07,60
92.37,44.13,144
92.4,41.94,60
92.43,48.15,60
92.46,44.44,60
92.49,43.98,60
92.52,49.17,108
92.55,48.62,108
92.58,46.17,144
92.62,47.2,144
92.65,51.07,60
92.69,50.65,108
92.74,43.13,144
92.77,40.03,84
92.8,43.65,144
92.83,37.56,48
92.87,37.56,48
92.92,42.16,144
92.95,49.41,144
92.99,47.73,72
93.02,41.93,144
93.05,48.6,144
93.08,50.85,72
93.11,46.01,144
93.14,46.66,144
93.17,52.23,72
93.2,55.35,144
93.24,46.8,144
93.27,43.74,60
93.3,43.74,132
93.33,42.61,60
93.36,40.68,60
93.39,51.51,132
93.42,44.88,60
93.45,36.75,132
93.48,33.21,72
93.51,41.99,132
93.55,47.62,132
93.59,39.19,132
93.64,35.0,132
93.67,39.06,132
93.7,50.29,60
93.73,50.29,60
93.76,41.6,132
93.79,38.43,132
93.82,39.66,96
93.86,37.0,96
93.89,32.32,96
93.92,32.84,96
93.95,30.16,96
93.98,33.86,132
94.01,25.81,96
94.04,32.92,96
94.07,29.55,96
94.1,29.55,96
94.13,40.56,96
94.17,34.45,96
94.2,29.85,96
94.2,29.85,96
94.26,33.9,96
94.26,33.9,96
94.26,33.9,96
94.35,25.87,96
94.4,18.54,96
94.43,25.63,96
94.43,25.63,96
94.43,25.63,96
94.43,25.63,96
94.57,22.33,96
94.6,16.52,96
94.63,26.09,96
94.66,28.82,144
94.69,28.94,144
94.73,27.78,144
94.73,27.78,144
94.73,27.78,144
94.73,27.78,144
94.73,27.78,144
94.73,27.78,144
94.73,27.78,144
94.73,27.78,144
94.73,27.78,144
94.73,27.78,144
94.73,27.78,144
94.73,27.78,144
94.73,27.78,144
94.73,27.78,144
94.73,27.78,144
94.73,27.78,144
94.73,27.78,144
94.73,27.78,144
94.73,27.78,144
94.73,27.78,144
94.73,27.78,144
94.73,27.78,144
94.73,27.78,144
94.73,27.78,144
94.73,27.78,144
94.73,27.78,144
94.73,27.78,144
94.73,27.78,144
94.73,27.78,144
94.73,27.78,144
94.73,27.78,144
94.73,27.78,144
94.73,27.78,144
94.73,27.78,144
94.73,27.78,144
94.73,27.78,144
94.73,27.78,144
94.73,27.78,144
94.73,27.78,144
94.73,27.78,144
94.73,27.78,144
94.73,27.78,144
94.73,27.78,144
94.73,27.78,144
94.73,27.78,144
94.73,27.78,144
94.73,27.78,144
94.73,27.78,144
94.73,27.78,144
96.35,32.69,144
96.4,33.81,144
96.44,46.21,60
96.47,33.16,144
96.5,39.37,144
96.54,40.86,144
96.57,39.79,120
96.6,37.28,120
96.63,46.58,120
96.67,46.58,120
96.71,44.7,120
96.74,42.2,120
96.77,48.15,144
96.8,55.46,120
96.84,53.01,120
96.88,55.26,120
96.91,55.8,120
96.94,44.24,144
96.97,55.64,120
97.0,54.12,120
97.03,55.28,120
97.06,57.39,144
97.09,57.39,120
97.12,47.97,120
97.16,47.03,120
97.2,42.04,120
97.23,44.01,120
97.27,50.47,120
97.3,58.4,120
97.33,52.58,120
97.36,39.22,120
97.4,41.92,120
97.44,51.74,120
97.47,53.85,120
97.5,53.85,120
97.53,49.97,120
97.56,60.7,120
97.6,50.57,120
97.64,50.43,120
97.67,49.09,120
97.73,51.96,120
97.76,40.75,120
97.79,58.12,120
97.83,50.21,120
97.86,50.41,120
97.89,58.51,120
97.92,55.97,120
97.95,55.97,120
97.98,50.24,120
98.01,51.51,120
98.06,55.59,120
98.09,54.78,120
98.12,55.33,120
98.15,52.44,120
98.19,60.85,120
98.23,53.13,120
98.27,56.66,120
98.29,58.99,120
98.32,62.89,120
98.36,56.68,120
98.39,56.68,120
98.42,53.98,120
98.45,61.79,120
98.48,64.17,120
98.51,53.5,120
98.54,56.03,120
98.57,56.7,120
98.61,54.5,120
98.64,61.85,120
98.67,57.27,120
98.7,55.55,120
98.73,46.02,120
98.76,52.49,120
98.81,57.25,120
98.85,57.87,120
98.89,57.27,120
98.93,53.56,120
98.97,71.36,120
98.99,58.62,120
99.03,56.74,120
99.06,59.67,120
99.1,52.7,120
99.14,53.14,120
99.17,55.4,120
99.2,44.59,120
99.23,61.54,120
99.26,50.54,120
99.29,45.09,120
99.32,53.73,120
99.35,42.55,120
99.38,49.74,120
99.42,47.78,120
99.45,55.75,120
99.48,57.09,120
99.51,51.05,120
99.54,49.67,120
99.57,56.81,60
99.62,58.76,60
99.65,54.73,120
99.68,55.07,120
99.71,54.61,120
99.74,48.27,120
99.78,45.17,120
99.8,50.07,120
99.84,56.27,120
99.87,57.15,120
99.9,49.5,120
99.93,53.39,120
99.96,53.18,120
99.99,51.35,120
100.02,44.51,120
100.05,50.43,120
100.1,54.62,120
100.13,48.6,120
100.16,46.31,120
100.19,46.23,120
100.23,44.79,120
100.27,47.64,120
100.3,50.02,120
100.33,55.53,120
100.36,48.93,120
100.39,46.44,120
100.42,48.75,120
100.45,52.68,120
100.5,58.04,120
100.53,58.91,120
100.56,55.75,120
100.59,46.85,120
100.64,52.45,120
100.67,59.53,120
100.7,60.44,120
100.73,46.82,60
100.76,52.98,120
100.79,59.13,120
100.82,50.74,60
100.86,45.52,60
100.89,48.58,60
100.93,52.49,60
100.97,50.06,60
100.99,51.44,60
101.03,55.36,120
101.06,49.11,84
101.09,44.1,120
101.13,43.32,120
101.17,47.84,84
101.21,52.15,84
101.24,56.34,60
101.27,48.39,84
101.31,47.2,120
101.33,52.28,120
101.37,51.16,84
101.4,50.4,84
101.43,52.94,60
101.46,53.41,60
101.49,59.7,60
101.52,48.97,84
101.56,47.96,60
101.59,46.78,120
101.62,52.43,120
101.65,43.33,120
101.69,49.15,84
101.72,54.21,84
101.75,43.8,72
101.79,52.68,120
101.83,47.54,72
101.87,46.43,120
101.91,54.54,120
101.94,47.81,120
101.98,40.01,60
102.01,47.24,120
102.04,47.03,60
102.07,43.32,60
102.1,52.93,72
102.13,52.18,72
102.16,54.82,72
102.2,51.51,72
102.23,43.99,72
102.26,48.42,72
102.3,47.24,72
102.33,43.25,72
102.36,47.68,72
102.39,46.19,72
102.42,44.17,72
102.46,53.02,72
102.49,46.49,72
102.52,43.19,72
102.55,49.98,72
102.58,50.14,72
102.63,40.85,72
102.66,44.39,72
102.69,49.42,72
102.72,45.5,72
102.75,50.93,72
102.79,47.45,72
102.82,54.78,72
102.85,50.99,72
102.89,45.92,72
102.92,48.0,72
102.95,47.76,72
102.98,50.49,72
103.01,45.24,72
103.06,42.09,72
103.09,48.86,72
103.12,45.22,72
103.16,48.78,72
103.2,51.96,72
103.23,52.74,72
103.26,45.63,72
103.29,41.98,72
103.32,45.03,72
103.36,41.2,72
103.39,47.53,72
103.42,54.29,72
103.45,42.7,72
103.49,53.16,72
103.52,47.13,72
103.56,53.5,72
103.59,50.19,72
103.62,51.2,72
103.67,44.38,72
103.7,57.47,72
103.73,52.53,72
103.76,50.04,72
103.79,46.24,60
103.82,45.16,60
103.85,51.2,72
103.89,45.59,60
103.93,50.83,60
103.96,58.28,132
103.99,45.92,72
104.02,42.07,72
104.05,50.9,72
104.08,47.48,72
104.11,50.17,84
104.15,50.3,72
104.18,49.24,60
104.21,50.46,60
104.24,44.33,72
104.28,50.64,60
104.32,55.05,60
104.36,49.11,60
104.4,44.37,84
104.43,48.67,84
104.46,57.33,72
104.49,50.33,60
104.52,51.75,84
104.55,50.18,84
104.58,47.24,84
104.61,56.29,84
104.64,48.65,84
104.68,50.42,84
104.71,42.1,60
104.76,41.49,60
104.79,53.29,84
104.82,42.08,60
104.86,49.71,84
104.89,51.86,84
104.92,47.57,60
104.95,39.13,60
104.98,43.42,84
105.01,47.61,84
105.04,38.58,84
105.08,48.39,60
105.11,44.7,72
105.14,41.09,84
105.19,45.01,72
105.22,46.01,60
105.25,42.0,84
105.28,45.46,84
105.31,47.95,60
105.35,49.46,60
105.38,46.34,60
105.42,46.34,60
105.45,45.87,72
105.48,42.74,72
105.51,40.19,72
105.54,44.57,60
105.59,54.98,84
105.62,45.14,72
105.65,44.39,72
105.68,32.91,60
105.71,44.87,72
105.75,49.98,72
105.78,47.58,72
105.82,46.42,72
105.85,51.18,72
105.88,46.14,72
105.91,48.0,72
105.94,41.36,84
105.97,43.03,84
106.02,42.86,132
106.05,48.62,72
106.08,45.13,72
106.12,45.73,72
106.15,45.39,72
106.18,37.31,72
106.21,44.92,72
106.25,39.06,72
106.28,44.79,72
106.32,38.57,72
106.35,39.63,72
106.38,39.82,72
106.41,39.62,72
106.45,39.15,72
106.48,41.48,72
106.52,44.25,72
106.55,40.26,72
106.58,39.0,72
106.61,39.11,72
106.64,42.32,72
106.67,38.05,96
106.71,29.07,60
106.74,33.1,84
106.8,24.95,60
106.84,24.95,60
106.87,25.84,60
106.9,39.57,72
106.93,31.02,72
106.96,33.97,96
107.0,32.06,96
107.03,27.77,96
107.06,37.71,144
107.09,35.57,144
107.12,39.91,60
107.15,31.98,144
107.2,46.17,60
107.23,46.17,60
107.26,43.68,84
107.29,35.29,84
107.35,35.95,84
107.38,34.55,84
107.41,41.84,84
107.45,44.44,84
107.48,46.51,96
107.51,42.86,96
107.54,40.89,84
107.57,36.67,84
107.6,44.34,96
107.64,33.78,60
107.66,33.78,60
107.7,38.12,84
107.73,27.25,60
107.76,26.93,60
107.79,37.46,60
107.82,33.48,60
107.85,34.9,84
107.89,31.28,60
107.92,44.92,60
107.95,32.02,60
108.0,28.42,84
108.04,31.28,84
108.07,33.37,84
108.1,33.37,60
108.14,30.46,84
108.16,29.79,84
108.2,36.7,84
108.23,35.62,60
108.26,30.95,60
108.29,35.8,60
108.34,26.91,60
108.37,28.29,60
108.4,34.81,60
108.43,35.85,60
108.47,37.73,84
108.51,38.64,84
108.54,38.64,60
108.57,34.89,60
108.6,36.11,60
108.64,30.99,60
108.69,36.79,60
108.72,32.97,60
108.75,34.45,60
108.79,37.49,60
108.82,32.76,60
108.85,34.54,60
108.88,39.51,60
108.91,32.52,60
108.94,32.52,60
108.97,31.91,60
109.01,29.47,60
109.04,36.06,60
109.07,26.53,84
109.1,33.88,60
109.13,36.3,60
109.16,39.77,60
109.2,34.21,60
109.24,34.26,60
109.27,31.72,60
109.3,31.05,60
109.33,29.58,60
109.36,29.58,60
109.39,34.28,60
109.42,36.91,48
109.45,31.38,60
109.49,31.07,60
109.51,29.78,60
109.55,38.45,96
109.6,31.36,60
109.64,34.59,60
109.67,32.19,60
109.7,39.17,72
109.73,40.14,72
109.76,35.94,60
109.8,35.94,48
109.83,27.08,60
109.86,36.03,60
109.89,33.3,96
109.92,40.03,60
109.95,40.53,60
110.0,38.4,60
110.04,39.92,60
110.07,36.17,72
110.1,45.34,60
110.14,40.91,60
110.17,40.75,60
110.2,43.59,60
110.23,43.59,60
110.26,44.99,60
110.29,52.95,48
110.32,49.47,48
110.35,43.32,60
110.4,51.88,60
110.43,48.91,60
110.47,53.38,60
110.51,51.22,60
110.54,44.96,60
110.57,45.65,60
110.6,47.72,60
110.64,47.72,60
110.68,49.94,84
110.71,53.63,84
110.74,51.04,60
110.79,52.18,60
110.82,58.64,60
110.86,50.49,60
110.9,48.6,60
110.93,41.62,60
110.96,42.2,48
111.0,49.56,60
111.04,47.38,60
111.07,45.93,60
111.1,45.93,60
111.13,50.53,60
111.16,52.35,60
111.19,50.55,60
111.22,45.63,60
111.25,45.22,60
111.28,44.39,60
111.31,51.47,60
111.34,44.68,60
111.38,37.82,60
111.41,48.56,60
111.44,49.74,60
111.48,51.27,60
111.52,51.27,48
111.55,47.23,60
111.58,48.13,60
111.61,52.46,60
111.64,49.15,60
111.69,50.62,60
111.72,46.78,60
111.75,45.17,60
111.78,53.68,168
111.81,50.13,168
111.84,40.69,132
111.87,45.26,60
111.9,43.61,168
111.94,43.61,60
111.97,37.6,168
112.0,48.03,60
112.04,42.42,60
112.07,45.69,60
112.1,44.53,60
112.14,50.49,60
112.17,46.68,60
112.2,47.48,60
112.23,42.5,132
112.26,41.78,60
112.29,38.55,60
112.32,38.55,60
112.35,30.95,96
112.4,43.05,132
112.43,36.58,96
112.47,32.72,96
112.5,28.27,96
112.53,42.23,120
112.57,31.92,132
112.6,42.53,96
112.64,41.26,96
112.69,40.62,120
112.74,43.87,96
112.78,41.84,96
112.81,41.84,120
112.84,40.36,120
112.87,40.28,120
112.9,44.14,120
112.93,39.77,96
112.96,38.79,96
112.99,41.5,120
113.02,39.21,120
113.05,42.99,120
113.08,45.39,120
113.11,49.4,120
113.15,47.0,120
113.18,38.69,120
113.21,37.87,120
113.24,36.4,120
113.27,43.49,120
113.3,37.52,156
113.33,38.23,156
113.36,42.55,156
113.4,40.52,120
113.43,40.18,120
113.46,43.57,120
113.49,43.19,120
113.53,43.02,120
113.56,38.52,120
113.6,38.43,120
113.63,32.13,96
113.68,41.7,120
113.72,45.54,156
113.75,43.54,120
113.78,42.14,120
113.81,38.45,120
113.84,42.46,120
113.88,41.33,120
113.91,35.79,120
113.94,37.08,120
113.97,38.7,120
114.0,36.51,120
114.04,37.9,120
114.08,30.0,156
114.11,33.37,120
114.14,36.59,120
114.17,31.43,120
114.2,32.99,156
114.23,36.15,156
114.26,38.75,72
114.31,43.44,72
114.34,46.65,72
114.37,44.26,72
114.4,42.26,132
114.43,42.37,72
114.46,39.29,132
114.5,41.27,72
114.53,39.43,84
114.57,35.38,132
114.6,46.66,132
114.63,45.39,132
114.66,35.74,72
114.69,38.06,72
114.73,40.54,132
114.76,43.54,132
114.79,39.35,108
114.82,39.37,132
114.85,42.15,108
114.88,40.0,132
114.93,40.57,132
114.96,39.28,132
114.99,39.07,132
115.03,39.93,132
115.07,45.85,132
115.1,39.4,132
115.13,33.63,108
115.16,38.88,132
115.19,44.62,132
115.22,44.54,132
115.25,41.26,84
115.28,40.5,132
115.33,39.87,108
115.36,45.43,132
115.4,36.65,132
115.43,39.84,132
115.46,39.79,132
115.49,42.28,84
115.52,39.47,132
115.56,41.84,132
115.59,32.24,108
115.63,41.2,132
115.66,36.86,108
115.69,39.61,108
115.72,39.3,108
115.77,41.08,132
115.8,39.16,108
115.83,38.14,108
115.86,38.67,108
115.89,36.38,108
115.92,40.97,108
115.96,38.41,108
115.99,45.2,108
116.02,39.27,108
116.05,41.13,108
116.08,36.98,108
116.12,44.35,108
116.15,37.94,108
116.19,39.26,108
116.23,37.06,108
116.26,42.93,108
116.29,37.51,108
116.32,35.25,108
116.36,39.62,108
116.39,40.21,108
116.42,40.26,72
116.45,38.83,72
116.48,38.47,108
116.51,40.94,108
116.55,38.29,72
116.58,38.99,72
116.64,41.21,72
116.69,36.36,72
116.74,40.76,72
116.78,38.1,108
116.82,40.71,72
116.85,40.57,72
116.88,43.6,72
116.92,39.21,72
116.95,34.72,72
116.98,40.81,72
117.04,38.75,72
117.07,43.5,72
117.1,37.31,72
117.13,38.08,72
117.16,38.7,72
117.19,39.82,72
117.23,42.43,72
117.26,35.57,72
117.29,41.13,72
117.32,39.58,72
117.35,36.95,72
117.38,42.45,72
117.41,37.2,72
117.44,35.74,72
117.48,46.92,72
117.54,35.47,72
117.57,34.41,84
117.6,35.87,72
117.63,41.76,72
117.68,39.68,72
117.71,38.63,72
117.74,42.28,72
117.77,37.21,84
117.8,33.34,144
117.83,37.86,84
117.86,41.22,84
117.89,39.86,72
117.92,42.75,84
117.96,33.08,72
117.99,41.26,84
118.02,34.69,72
118.05,39.45,72
118.08,38.76,72
118.11,44.1,72
118.14,39.02,72
118.17,34.12,72
118.21,40.86,72
118.24,43.49,72
118.27,42.9,72
118.3,42.55,72
118.33,34.03,48
118.36,40.38,108
118.39,44.79,72
118.42,46.14,72
118.45,49.35,72
118.48,53.14,72
118.51,53.4,72
118.54,48.04,72
118.57,46.53,72
118.61,54.19,72
118.64,46.34,72
118.67,51.73,72
118.7,47.12,72
118.73,48.06,72
118.76,51.73,72
118.79,52.52,72
118.82,54.78,72
118.85,47.97,72
118.88,51.8,72
118.92,54.06,72
118.95,56.89,72
118.98,49.96,72
119.02,49.08,72
119.05,41.41,48
119.08,55.88,72
119.11,44.92,72
119.16,49.16,72
119.19,45.63,72
119.22,44.86,72
119.25,45.79,144
119.29,43.98,48
119.32,53.5,48
119.35,44.72,144
119.38,50.79,48
119.41,43.71,72
119.45,49.59,48
119.48,49.2,48
119.54,49.02,60
119.58,48.17,72
119.61,48.88,72
119.65,48.73,48
119.69,55.9,48
119.72,53.41,144
119.75,46.34,72
119.78,44.53,60
119.81,43.9,48
119.84,45.4,60
119.87,45.95,48
119.9,45.83,72
119.93,43.97,48
119.97,46.16,72
120.0,49.58,72
120.03,46.5,60
120.06,50.69,72
120.09,40.77,48
120.12,39.16,48
120.15,46.33,60
120.18,47.61,60
120.22,44.13,60
120.26,51.03,60
120.29,52.65,60
120.32,42.62,48
120.35,45.04,60
120.38,43.28,72
120.42,42.07,72
120.46,51.2,48
120.51,41.04,72
120.55,45.27,72
120.59,46.95,60
120.61,42.56,72
120.65,40.04,60
120.68,45.52,60
120.71,48.64,48
120.74,45.12,72
120.77,48.87,72
120.8,45.85,72
120.83,47.55,72
120.86,43.09,60
120.89,42.88,60
120.92,42.03,60
120.96,49.11,60
120.99,46.18,60
121.02,48.34,60
121.05,42.67,48
121.08,43.87,60
121.11,47.88,60
121.14,49.25,60
121.21,45.52,60
121.27,45.52,60
121.3,49.79,60
121.33,54.94,60
121.36,42.54,72
121.39,54.39,60
121.42,44.31,108
121.46,41.0,72
121.48,54.29,60
121.51,48.68,108
121.54,42.93,60
121.58,45.31,60
121.61,44.1,60
121.64,37.64,60
121.67,37.64,60
121.7,38.67,60
121.73,40.81,72
121.76,32.65,60
121.79,34.94,60
121.82,26.62,60
121.86,25.36,60
121.89,29.47,60
121.92,33.23,96
121.95,34.13,48
122.0,27.36,96
122.04,24.17,96
122.07,24.17,96
122.1,26.89,60
122.13,23.57,96
122.16,17.95,72
122.19,15.46,96
122.23,23.89,60
122.26,27.49,60
122.29,33.73,60
122.32,23.73,60
122.35,25.77,60
122.4,28.45,156
122.44,27.72,60
122.48,28.02,60
122.5,28.02,60
122.54,28.38,60
122.58,34.09,60
122.61,31.15,60
122.65,36.3,60
122.68,38.84,60
122.71,34.9,60
122.74,33.63,60
122.77,31.68,60
122.8,42.06,60
122.83,37.02,60
122.87,31.02,60
122.9,31.38,60
122.93,31.38,60
122.96,36.31,60
122.99,34.8,60
123.02,39.39,60
123.05,48.9,60
123.08,51.72,60
123.11,44.49,60
123.15,55.06,60
123.2,47.12,60
123.23,37.32,156
123.27,40.46,60
123.3,32.8,156
123.33,34.72,156
123.36,34.72,156
123.36,34.72,156
123.36,34.72,156
123.36,34.72,156
123.36,34.72,156
123.36,34.72,156
123.55,26.81,96
123.6,28.14,96
123.64,31.4,156
123.67,41.84,156
123.7,32.5,84
123.73,43.47,48
123.76,43.47,84
123.79,30.95,156
123.82,33.71,156
123.86,39.91,84
123.89,31.98,144
123.92,31.5,108
123.95,38.45,156
124.0,31.24,144
124.04,48.05,156
124.09,46.25,156
124.12,33.92,84
124.15,40.54,156
124.18,29.36,156
124.22,29.36,48
124.25,40.31,84
124.28,51.55,108
124.31,36.72,156
124.31,36.72,156
124.37,53.02,156
124.41,32.06,48
124.45,37.29,108
124.49,56.67,96
124.52,31.93,108
124.57,29.27,108
124.6,30.66,108
124.63,60.23,84
124.66,60.23,72
124.69,27.5,108
124.73,27.05,108
124.76,32.01,144
124.79,53.29,108
124.82,36.59,108
124.85,33.21,96
124.88,31.76,96
124.91,34.07,108
124.94,27.1,108
124.97,40.6,144
125.01,37.38,144
125.04,39.65,48
125.08,39.65,96
125.11,39.89,96
125.15,39.05,144
125.18,37.47,108
125.21,29.93,108
125.24,39.43,96
125.27,27.88,144
125.3,50.78,144
125.33,55.73,144
125.36,27.14,96
125.4,42.68,108
125.43,41.77,144
125.46,41.77,144
125.49,30.1,48
125.52,34.2,48
125.55,32.05,48
125.6,44.88,96
125.64,37.01,108
125.67,34.9,96
125.7,43.77,96
125.73,30.79,48
125.77,30.31,96
125.8,27.82,96
125.83,48.64,144
125.87,40.67,144
125.9,40.67,96
125.94,36.94,96
125.97,34.32,96
126.0,33.92,96
126.03,38.85,144
126.03,38.85,144
126.1,38.23,144
126.13,38.03,144
126.17,27.11,96
126.2,35.18,96
126.23,36.42,144
126.26,33.42,96
126.29,55.42,48
126.32,55.42,48
126.35,36.43,144
126.4,49.22,96
126.43,29.8,144
126.47,46.1,144
126.5,29.74,144
126.54,39.87,144
126.57,30.73,96
126.63,31.06,144
126.66,35.55,144
126.69,40.39,144
126.72,28.19,144
126.72,28.19,144
126.72,28.19,144
126.83,40.11,144
126.88,50.77,120
126.91,38.53,144
126.94,27.49,144
126.94,27.49,144
127.0,41.95,144
127.0,41.95,144
127.06,41.22,144
127.09,39.62,120
127.12,37.15,144
127.16,49.48,144
127.19,49.48,144
127.19,49.48,144
127.25,34.8,144
127.28,27.95,120
127.31,36.84,144
127.34,41.24,144
127.37,40.89,144
127.4,39.92,120
127.43,46.09,120
127.43,46.09,120
127.5,38.41,120
127.53,39.07,120
127.53,39.07,120
127.59,37.33,120
127.64,55.72,144
127.68,46.45,120
127.71,45.76,120
127.71,45.76,120
127.71,45.76,120
127.71,45.76,120
127.83,37.4,120
127.83,37.4,120
127.9,36.13,120
127.93,37.77,120
127.96,43.31,120
127.99,38.88,120
128.02,40.86,120
128.08,44.89,120
128.11,38.41,120
128.15,54.57,120
128.18,49.63,120
128.21,47.1,120
128.24,42.56,120
128.27,39.29,120
128.3,42.56,120
128.33,35.41,120
128.36,38.3,120
128.4,27.38,120
128.43,49.65,60
128.47,43.1,120
128.51,45.4,120
128.54,46.93,120
128.57,39.17,120
128.6,25.96,60
128.63,41.67,120
128.66,48.69,120
128.69,36.63,120
128.69,36.63,120
128.75,31.41,120
128.79,36.87,120
128.79,36.87,120
128.85,44.54,120
128.9,45.4,120
128.94,32.09,120
128.94,32.09,120
128.94,32.09,120
128.94,32.09,120
128.94,32.09,120
129.11,42.74,132
129.14,37.81,132
129.17,36.55,72
129.17,36.55,72
129.23,45.43,72
129.26,39.69,132
129.26,39.69,132
129.26,39.69,132
129.37,33.89,132
129.37,33.89,132
129.43,34.9,132
129.46,33.21,132
129.49,37.6,132
129.52,36.5,132
129.55,39.06,132
129.59,53.76,60
129.62,31.41,132
129.65,45.14,132
129.68,30.72,120
129.71,32.02,120
129.76,34.14,72
129.8,48.21,132
129.85,42.6,120
129.88,35.43,132
129.88,35.43,132
129.94,44.18,60
129.98,57.33,72
130.01,42.31,132
130.01,42.31,132
130.07,33.24,132
130.1,33.13,132
130.13,31.9,120
130.16,31.51,132
130.19,61.06,132
130.19,61.06,132
130.26,31.1,60
130.29,27.11,156
130.32,36.59,132
130.37,56.75,108
130.39,48.08,48
130.43,48.16,48
130.46,43.38,168
130.49,28.07,168
130.52,43.06,132
130.55,33.55,108
130.55,33.55,108
130.63,43.73,132
130.66,48.02,132
130.69,45.86,132
130.72,38.36,132
130.75,34.1,132
130.78,37.51,168
130.82,40.42,132
130.85,33.26,168
130.88,41.4,132
130.92,41.12,132
130.95,40.28,132
130.98,35.02,132
131.03,46.04,168
131.03,46.04,168
131.1,36.41,132
131.13,35.24,132
131.16,39.45,168
131.19,39.32,168
131.22,41.14,132
131.25,50.55,132
131.28,44.34,132
131.31,37.89,168
131.35,42.46,168
131.38,51.21,168
131.41,48.71,168
131.46,49.15,132
131.5,44.72,132
131.53,57.28,168
131.56,49.78,168
131.59,26.92,168
131.62,30.25,168
131.67,33.77,168
131.7,41.05,84
131.73,56.83,132
131.76,51.05,132
131.8,42.62,132
131.8,42.62,132
131.8,42.62,132
131.8,42.62,132
131.93,39.93,132
131.96,53.83,84
131.99,26.39,132
132.02,38.85,132
132.06,48.37,84
132.09,43.15,84
132.09,43.15,84
132.15,43.0,132
132.18,43.81,132
132.21,38.69,132
132.24,46.93,48
132.29,30.35,84
132.32,24.67,84
132.32,24.67,84
132.39,39.96,132
132.42,36.91,132
132.42,36.91,132
132.42,36.91,132
132.52,46.0,132
132.55,38.81,132
132.55,38.81,132
132.62,33.71,132
132.65,56.91,96
132.68,44.91,132
132.68,44.91,132
132.76,35.69,132
132.79,35.01,132
132.82,39.23,132
132.82,39.23,132
132.82,39.23,132
132.91,39.23,132
132.95,35.5,96
132.99,26.42,60
133.02,33.07,132
133.05,33.74,132
133.05,33.74,132
133.11,47.04,132
133.15,33.93,132
133.19,47.03,132
133.22,53.25,132
133.25,41.45,132
133.28,34.45,132
133.32,46.17,132
133.35,55.66,96
133.38,45.88,132
133.41,49.32,132
133.44,49.33,132
133.47,56.26,132
133.51,50.54,132
133.56,50.49,132
133.6,47.91,180
133.63,52.08,96
133.66,52.04,132
133.69,50.32,132
133.72,47.4,132
133.75,48.05,132
133.78,53.9,96
133.81,51.91,120
133.84,51.66,96
133.87,48.96,132
133.91,51.5,132
133.94,43.03,180
133.99,44.12,120
134.03,51.01,120
134.06,35.6,120
134.09,36.99,120
134.12,31.81,120
134.15,37.1,120
134.18,30.46,120
134.21,29.72,120
134.24,29.93,120
134.27,25.25,120
134.31,27.16,120
134.34,28.33,120
134.37,32.39,120
134.42,27.32,120
134.46,21.82,60
134.49,22.75,120
134.52,37.53,48
134.55,25.73,120
134.58,31.83,60
134.61,19.89,180
134.64,32.6,120
134.67,32.12,120
134.71,25.79,60
134.74,22.0,84
134.77,32.97,120
134.82,20.59,60
134.86,21.22,60
134.89,25.61,60
134.92,20.44,60
134.95,24.0,108
134.98,25.48,108
135.01,26.24,108
135.05,19.29,120
135.08,22.94,60
135.11,24.2,60
135.14,28.07,84
135.17,32.95,60
135.22,31.7,84
135.25,23.43,84
135.28,24.28,84
135.31,24.17,96
135.35,22.37,96
135.39,28.52,60
135.42,22.67,96
135.45,30.16,48
135.48,26.96,96
135.51,27.59,60
135.54,25.45,60
135.6,30.76,60
135.64,30.76,60
135.67,21.75,108
135.7,34.43,60
135.73,31.29,60
135.76,27.32,60
135.79,28.18,108
135.82,35.91,108
135.85,41.34,108
135.88,36.38,108
135.91,33.96,108
135.95,37.45,108
136.0,37.03,108
136.04,37.49,60
136.07,37.49,60
136.11,34.4,60
136.15,35.49,60
136.18,37.91,108
136.21,44.49,108
136.27,47.36,60
136.31,39.41,48
136.34,42.88,108
136.37,45.22,108
136.4,45.95,108
136.43,39.48,108
136.46,46.69,108
136.49,42.63,108
136.52,42.63,108
136.56,35.26,120
136.59,37.97,108
136.62,35.01,120
136.65,43.17,48
136.68,37.58,108
136.71,30.31,60
136.74,29.5,96
136.77,33.74,48
136.8,27.52,96
136.84,30.56,48
136.87,34.72,48
136.9,34.72,48
136.93,37.94,48
136.96,29.83,96
136.99,27.6,96
137.02,34.46,96
137.05,29.64,96
137.08,40.85,48
137.11,41.71,96
137.14,33.36,96
137.22,30.48,96
137.26,28.5,96
137.29,28.42,48
137.32,32.88,48
137.35,32.88,96
137.38,32.66,96
137.41,31.83,96
137.44,35.18,96
137.47,32.6,96
137.5,33.95,96
137.54,29.81,96
137.56,30.81,96
137.61,34.82,96
137.64,35.18,96
137.67,34.49,96
137.7,40.6,96
137.73,33.19,96
137.77,33.19,48
137.8,28.45,96
137.83,42.11,48
137.86,41.52,96
137.89,42.51,48
137.92,39.51,96
137.95,46.05,72
138.0,44.19,72
138.03,50.44,96
138.07,37.86,72
138.1,50.94,48
138.15,48.93,96
138.19,52.8,72
138.22,52.8,72
138.25,49.45,72
138.28,46.94,48
138.31,50.47,72
138.34,50.66,72
138.39,50.02,72
138.42,48.91,72
138.45,54.28,72
138.48,61.14,72
138.51,60.01,72
138.54,61.94,72
138.6,53.38,72
138.63,53.38,72
138.68,55.66,72
138.71,65.39,72
138.75,75.86,72
138.78,83.82,72
138.81,57.96,72
138.84,54.13,72
138.87,57.55,72
138.9,57.96,72
138.93,64.3,72
138.96,62.98,72
139.0,62.69,72
139.03,63.14,72
139.06,63.14,108
139.09,61.37,72
139.12,63.85,108
139.15,59.1,72
139.18,56.28,108
139.21,58.78,108
139.24,57.04,108
139.27,55.63,72
139.31,53.49,108
139.34,56.4,72
139.37,53.76,108
139.4,52.97,72
139.43,49.24,72
139.46,49.24,72
139.49,47.73,60
139.52,45.26,108
139.55,47.01,108
139.6,44.23,108
139.63,47.53,108
139.7,44.67,108
139.75,44.1,108
139.78,45.39,108
139.82,42.34,108
139.85,43.12,108
139.88,44.37,108
139.91,44.08,108
139.94,44.08,60
139.97,42.95,108
140.0,44.39,108
140.03,40.59,108
140.07,43.6,60
140.1,43.13,108
140.13,47.74,108
140.18,43.9,108
140.22,45.85,84
140.26,46.82,84
140.29,43.72,108
140.34,42.29,108
140.4,44.99,108
140.44,46.91,72
140.47,42.47,108
140.5,48.21,72
140.53,44.23,108
140.59,42.62,108
140.62,44.33,108
140.67,40.33,108
140.73,45.07,108
140.8,40.46,72
140.84,44.13,108
140.87,40.71,72
140.9,44.28,108
140.93,42.98,108
140.96,40.87,108
140.99,43.13,108
141.03,43.21,108
141.07,44.72,108
141.12,41.46,108
141.17,44.36,108
141.21,44.36,108
141.24,44.97,60
141.27,43.81,60
141.3,49.36,60
141.34,45.95,60
141.37,43.17,60
141.4,41.56,108
141.43,43.15,60
141.46,42.92,108
141.49,39.16,60
141.54,40.62,60
141.57,43.01,60
141.6,44.37,108
141.63,42.27,60
141.66,46.16,60
141.69,39.85,60
141.72,43.77,108
141.78,43.03,60
141.82,44.24,60
141.84,42.49,108
141.88,44.25,60
141.9,45.23,60
141.94,41.45,108
141.97,43.51,108
142.0,44.69,60
142.03,38.39,60
142.06,40.52,84
142.09,43.87,108
142.12,39.21,84
142.15,44.02,60
142.19,41.58,60
142.22,43.8,108
142.28,42.06,84
142.31,43.48,48
142.35,43.72,48
142.39,44.63,84
142.42,43.68,84
142.45,44.45,84
142.48,43.16,84
142.51,41.23,60
142.54,40.88,60
142.57,43.26,84
142.6,44.01,84
142.63,43.07,60
142.68,46.03,108
142.73,46.33,108
142.77,47.88,108
142.8,47.16,108
142.83,43.85,108
142.88,44.86,108
142.91,41.1,108
142.94,45.64,108
142.97,41.8,48
143.0,44.45,48
143.04,42.5,48
143.07,46.65,108
143.1,42.9,108
143.16,42.96,108
143.19,40.48,108
143.22,43.89,108
143.25,45.05,108
143.3,42.64,48
143.33,38.77,108
143.36,46.59,48
143.39,40.53,48
143.43,39.33,48
143.47,40.39,48
143.52,44.38,48
143.55,39.31,108
143.58,39.33,108
143.61,45.17,48
143.64,44.21,72
143.67,40.84,72
143.7,43.68,48
143.73,41.48,156
143.77,44.27,48
143.81,35.43,72
143.86,42.27,48
143.89,42.46,48
143.92,44.87,48
143.95,44.33,60
144.0,44.65,72
144.03,41.74,72
144.06,46.95,48
144.09,41.03,48
144.12,47.41,48
144.15,43.51,48
144.18,46.76,72
144.25,45.05,48
144.29,44.41,48
144.32,45.22,132
144.35,41.96,48
144.39,41.98,48
144.42,42.11,84
144.46,44.94,132
144.5,43.0,132
144.53,45.82,132
144.56,49.31,132
144.59,50.7,132
144.62,46.31,132
144.65,42.91,132
144.72,44.28,132
144.75,47.03,48
144.81,41.53,132
144.84,47.65,48
144.88,44.45,132
144.91,45.52,132
144.95,41.85,72
144.98,46.26,132
145.01,47.89,132
145.04,51.84,132
145.07,45.89,132
145.1,44.57,132
145.15,43.12,132
145.19,47.24,132
145.22,40.66,132
145.26,48.5,132
145.29,44.56,132
145.32,43.95,132
145.35,47.62,132
145.38,43.76,132
145.41,44.1,132
145.44,47.08,132
145.48,41.67,144
145.5,48.45,132
145.54,45.98,132
145.57,42.97,132
145.63,40.61,144
145.68,42.63,144
145.72,44.36,132
145.75,44.42,132
145.78,47.42,144
145.81,47.65,48
145.84,50.54,144
145.87,42.73,132
145.9,44.41,144
145.94,43.79,144
145.97,45.35,144
146.02,42.85,144
146.06,45.53,132
146.09,46.61,144
146.12,44.38,132
146.17,42.35,132
146.22,49.22,144
146.26,48.94,144
146.31,45.21,144
146.34,47.78,144
146.4,50.25,108
146.46,43.12,144
146.5,48.29,144
146.53,42.73,144
146.57,44.16,144
146.6,47.0,60
146.65,41.83,144
146.69,44.48,144
146.73,46.94,144
146.76,47.1,144
146.79,40.51,144
146.82,42.24,144
146.85,46.12,144
146.88,44.39,144
146.91,44.16,144
146.95,42.13,144
146.98,44.68,144
147.03,45.62,144
147.07,44.7,144
147.1,41.3,144
147.13,43.35,144
147.16,48.03,144
147.2,42.23,144
147.22,45.35,144
147.25,47.27,144
147.29,45.73,144
147.32,44.53,144
147.35,48.47,144
147.38,44.69,144
147.41,50.5,144
147.44,46.9,144
147.47,46.08,144
147.51,46.21,144
147.57,42.71,60
147.6,40.6,60
147.63,41.03,60
147.66,45.16,144
147.69,41.55,144
147.72,45.25,144
147.75,47.36,144
147.78,44.38,144
147.83,39.28,144
147.86,43.0,144
147.89,49.79,60
147.92,44.58,144
147.95,38.57,144
148.0,41.24,120
148.03,40.65,120
148.06,44.17,144
148.12,39.78,120
148.17,42.07,120
148.2,40.06,120
148.23,41.41,120
148.26,39.1,144
148.3,42.94,120
148.34,43.74,120
148.37,37.41,144
148.4,41.94,120
148.43,41.35,120
148.46,47.2,144
148.49,46.9,144
148.52,43.46,120
148.58,44.01,120
148.62,45.1,120
148.65,39.84,120
148.68,44.19,60
148.71,38.9,60
148.74,44.08,120
148.77,41.68,120
148.8,43.87,120
148.83,46.1,120
148.86,47.4,120
148.89,46.84,120
148.93,43.37,120
148.96,45.96,120
148.99,43.89,120
149.02,42.6,120
149.05,42.61,120
149.08,46.43,60
149.11,45.44,120
149.16,46.7,120
149.2,46.65,120
149.24,38.44,120
149.27,38.9,120
149.3,43.91,120
149.33,43.76,120
149.36,47.68,120
149.39,44.72,120
149.42,41.72,120
149.45,46.71,48
149.49,49.01,48
149.51,54.01,48
149.55,49.52,120
149.58,49.86,120
149.63,54.03,48
149.67,54.03,48
149.7,57.19,48
149.75,58.67,48
149.78,61.61,48
149.81,61.13,96
149.84,57.99,96
149.87,67.8,120
149.9,57.72,48
149.94,59.35,48
149.96,62.19,48
150.0,52.59,48
150.04,61.15,48
150.07,61.15,48
150.1,58.05,48
150.14,51.12,48
150.2,57.71,48
150.25,59.21,72
150.28,55.74,48
150.31,55.28,72
150.34,52.98,48
150.4,48.67,48
150.45,46.74,48
150.48,46.74,72
150.51,52.75,48
150.55,57.55,72
150.59,55.04,72
150.62,58.39,48
150.65,49.83,72
150.71,53.19,72
150.74,51.75,48
150.79,54.13,48
150.83,45.18,72
150.87,52.63,72
150.9,42.46,72
150.95,44.11,60
150.99,51.24,48
151.02,42.26,72
151.05,52.19,48
151.09,42.9,72
151.12,46.83,72
151.15,41.93,72
151.21,48.47,72
151.26,58.28,72
151.29,46.81,72
151.32,52.61,72
151.35,52.61,72
151.38,55.75,72
151.41,57.14,72
151.44,56.3,72
151.48,50.54,48
151.52,60.55,72
151.55,58.19,72
151.58,54.69,72
151.61,44.62,48
151.64,53.83,72
151.69,56.23,72
151.73,51.84,72
151.76,51.84,72
151.79,60.42,108
151.83,54.96,72
151.86,51.29,72
151.89,53.22,72
151.92,61.98,48
151.95,50.53,72
151.98,54.79,84
152.01,48.26,108
152.04,46.47,108
152.1,43.29,108
152.14,42.8,108
152.16,45.05,72
152.2,45.05,72
152.23,61.76,48
152.26,56.89,72
152.29,44.58,72
152.32,43.69,72
152.35,40.28,84
152.38,34.8,72
152.41,34.25,72
152.45,35.85,72
152.48,34.93,72
152.55,43.09,84
152.61,40.7,84
152.65,42.94,84
152.69,43.97,84
152.74,39.74,84
152.77,42.78,84
152.8,46.33,84
152.83,38.65,84
152.87,45.18,84
152.91,45.04,84
152.94,44.21,84
152.97,41.84,84
153.0,43.28,84
153.04,43.28,84
153.13,38.26,84
153.17,39.69,84
153.2,36.23,84
153.23,36.34,84
153.27,37.91,84
153.3,37.83,84
153.33,45.12,84
153.36,37.04,84
153.39,36.6,84
153.42,35.35,84
153.45,32.92,84
153.48,32.92,84
153.51,40.16,84
153.54,39.93,84
153.57,36.17,84
153.6,38.76,84
153.64,40.5,84
153.68,37.86,84
153.71,41.87,84
153.77,34.32,84
153.81,30.85,84
153.84,30.4,84
153.87,33.32,84
153.91,31.43,84
153.94,30.45,84
154.0,30.58,84
154.04,37.47,84
154.08,36.56,84
154.11,40.07,84
154.16,30.52,84
154.19,37.3,84
154.26,37.34,84
154.31,35.17,84
154.35,32.77,84
154.4,40.19,84
154.44,37.04,84
154.47,42.41,84
154.5,36.56,84
154.53,35.64,84
154.56,38.77,84
154.59,38.21,84
154.62,36.49,84
154.67,38.87,84
154.7,42.49,84
154.73,42.49,84
154.76,37.41,84
154.8,39.45,84
154.84,39.33,84
154.87,38.79,84
154.9,40.6,84
154.93,36.87,84
154.96,34.72,84
154.99,34.46,84
155.03,36.91,84
155.06,32.98,84
155.09,36.47,84
155.12,36.47,84
155.15,33.46,84
155.2,34.24,84
155.24,38.87,84
155.27,33.11,84
155.3,33.03,84
155.36,35.74,84
155.41,29.04,84
155.44,30.81,84
155.47,28.67,132
155.5,26.09,84
155.54,35.99,84
155.57,30.36,84
155.6,30.36,84
155.63,37.13,84
155.66,38.72,84
155.69,35.54,84
155.72,32.85,132
155.75,33.68,84
155.78,28.73,48
155.82,33.0,84
155.85,34.6,84
155.88,33.14,132
155.91,34.16,132
155.94,37.02,132
155.97,35.76,84
156.0,34.4,132
156.03,33.67,84
156.07,34.02,84
156.1,34.45,84
156.14,33.54,132
156.17,32.04,132
156.2,38.54,144
156.23,37.34,132
156.26,42.43,48
156.3,30.98,132
156.33,31.01,132
156.36,36.21,132
156.4,37.11,132
156.44,34.43,132
156.47,39.78,132
156.5,34.51,156
156.53,35.87,132
156.56,35.47,132
156.62,31.46,156
156.67,41.75,132
156.72,42.66,48
156.74,37.63,132
156.77,42.26,48
156.81,42.24,132
156.84,42.08,132
156.87,40.1,132
156.9,39.37,48
156.93,37.1,48
156.96,46.68,132
156.99,41.9,48
157.02,37.75,48
157.06,34.88,96
157.09,42.0,96
157.12,38.27,96
157.15,37.5,96
157.18,39.14,132
157.21,43.97,96
157.24,36.24,96
157.27,39.51,96
157.3,41.33,96
157.33,36.48,96
157.36,36.76,96
157.39,42.9,96
157.43,47.09,96
157.46,37.58,48
157.49,38.96,48
157.52,39.76,96
157.56,45.7,48
157.6,38.47,96
157.63,39.08,60
157.66,40.48,60
157.69,44.35,60
157.73,37.08,60
157.76,36.63,60
157.8,44.26,96
157.84,38.31,60
157.87,41.26,96
157.91,42.92,96
157.94,43.36,96
157.97,44.02,96
158.0,37.68,120
158.03,43.07,60
158.06,48.86,60
158.09,35.93,60
158.13,40.8,60
158.17,38.96,60
158.2,43.46,60
158.23,45.31,132
158.26,38.37,96
158.3,37.56,48
158.33,43.02,60
158.36,45.66,60
158.4,42.38,60
158.43,38.69,132
158.47,40.25,132
158.5,36.01,48
158.53,37.85,60
158.56,43.23,60
158.59,42.08,60
158.63,39.27,96
158.67,46.28,120
158.69,40.8,60
158.73,38.37,96
158.76,43.43,48
158.79,41.63,48
158.83,40.66,48
158.86,45.09,48
158.89,48.87,48
158.92,42.98,60
158.95,44.9,60
158.99,41.46,60
159.03,38.26,60
159.06,43.04,60
159.09,40.54,60
159.12,41.32,60
159.16,45.16,60
159.19,43.67,132
159.23,46.27,60
159.26,41.05,60
159.29,47.01,60
159.32,43.64,48
159.35,50.15,60
159.38,43.99,60
159.43,46.39,60
159.46,45.35,60
159.49,40.57,48
159.52,40.32,96
159.55,41.0,132
159.59,39.29,132
159.62,43.85,132
159.65,39.45,96
159.69,46.12,132
159.72,44.07,96
159.75,38.74,96
159.78,46.54,96
159.82,41.58,132
159.86,42.17,132
159.89,41.69,132
159.92,50.66,96
159.95,43.45,96
159.99,42.88,96
160.02,43.49,96
160.05,43.42,96
160.08,48.39,96
160.11,39.86,96
160.16,45.16,96
160.19,39.62,96
160.22,40.59,96
160.26,42.92,96
160.29,44.21,96
160.32,39.83,96
160.36,47.84,96
160.39,47.43,96
160.42,41.04,96
160.45,45.71,96
160.48,45.38,96
160.51,44.15,96
160.55,47.56,96
160.58,47.2,96
160.62,42.58,96
160.65,39.14,96
160.69,44.94,96
160.73,46.52,120
160.76,40.44,96
160.79,55.93,120
160.82,44.55,96
160.85,43.55,96
160.89,41.29,96
160.92,46.75,96
160.95,45.43,96
160.98,47.64,96
161.01,50.04,96
161.04,53.93,96
161.07,49.74,96
161.12,45.45,96
161.16,45.21,96
161.19,47.85,96
161.22,46.98,96
161.25,47.97,96
161.28,53.28,120
161.32,58.17,120
161.35,62.52,48
161.38,55.44,96
161.41,60.09,120
161.44,59.71,120
161.47,57.33,120
161.52,50.61,48
161.56,54.68,48
161.59,51.24,120
161.63,53.49,120
161.65,53.38,120
161.68,46.85,48
161.72,49.8,120
161.75,45.64,120
161.78,52.43,120
161.81,48.03,120
161.84,49.72,120
161.89,48.09,120
161.92,41.85,120
161.95,46.53,120
162.0,37.52,120
162.03,45.4,120
162.06,39.44,120
162.09,47.73,72
162.12,45.27,120
162.15,36.58,108
162.18,43.22,120
162.21,32.89,108
162.24,40.34,120
162.27,39.2,120
162.31,42.07,120
162.34,43.97,120
162.39,43.92,120
162.42,35.31,120
162.45,38.4,120
162.48,48.72,48
162.52,38.1,120
162.55,39.08,120
162.58,37.98,120
162.61,44.56,120
162.65,42.08,120
162.68,45.32,120
162.71,41.47,48
162.74,40.29,120
162.79,39.21,48
162.82,39.52,48
162.85,46.52,120
162.88,41.38,120
162.91,39.17,120
162.95,41.47,108
162.99,35.98,120
163.02,41.34,48
163.05,36.73,120
163.08,34.4,120
163.11,40.14,120
163.14,36.62,48
163.17,40.33,48
163.22,38.4,120
163.25,37.97,120
163.28,39.04,48
163.31,39.52,48
163.35,39.06,48
163.39,38.23,120
163.42,37.25,120
163.45,40.23,60
163.48,39.85,120
163.51,38.72,120
163.54,40.58,120
163.57,38.39,120
163.6,40.05,60
163.65,38.89,120
163.7,45.68,48
163.73,42.29,120
163.79,41.33,120
163.82,35.89,48
163.85,41.64,60
163.88,40.93,60
163.92,37.16,60
163.95,35.93,60
163.98,39.88,48
164.01,40.05,48
164.04,40.05,84
164.07,38.29,48
164.1,37.93,48
164.13,39.81,60
164.16,37.76,48
164.19,40.73,60
164.22,39.49,60
164.25,38.09,48
164.29,40.53,60
164.32,39.64,48
164.35,46.6,48
164.4,39.47,48
164.44,37.3,48
164.48,37.3,60
164.52,39.78,60
164.55,39.75,60
164.6,40.64,60
164.65,35.16,60
164.69,37.74,60
164.72,46.43,48
164.75,38.27,60
164.78,35.29,60
164.81,44.78,48
164.84,39.81,60
164.87,39.62,60
164.91,39.62,60
164.94,34.69,60
164.97,33.65,60
165.0,40.62,60
165.03,42.16,60
165.06,39.9,60
165.1,38.03,60
165.15,39.46,60
165.18,40.34,60
165.21,39.03,60
165.25,39.03,60
165.28,37.67,60
165.3,38.68,60
165.34,38.68,60
165.37,47.53,60
165.41,40.26,60
165.45,40.27,60
165.48,36.88,60
165.51,36.65,60
165.54,34.76,60
165.57,39.36,60
165.6,40.71,48
165.63,39.45,60
165.67,36.53,60
165.7,44.25,48
165.73,36.73,60
165.76,36.73,60
165.79,35.56,60
165.82,36.79,60
165.85,38.95,60
165.88,39.6,132
165.91,38.19,60
165.94,40.52,60
165.97,39.99,60
166.0,40.26,60
166.04,37.71,60
166.07,34.7,132
166.1,32.97,48
166.13,39.83,48
166.16,39.83,48
166.19,35.32,48
166.26,36.62,48
166.29,34.29,48
166.32,34.53,72
166.35,35.04,72
166.38,39.22,60
166.41,38.37,72
166.44,41.12,72
166.47,33.81,72
166.51,37.94,60
166.54,33.08,72
166.57,33.08,60
166.6,36.07,72
166.63,31.5,60
166.66,35.61,72
166.69,34.8,72
166.72,37.33,72
166.75,41.74,48
166.8,34.94,72
166.83,37.33,48
166.87,38.14,72
166.9,44.32,72
166.93,34.91,72
166.98,36.83,72
167.02,36.83,72
167.05,40.91,72
167.08,38.03,72
167.11,41.09,72
167.14,37.19,72
167.17,37.37,72
167.2,41.64,120
167.24,43.0,120
167.28,40.01,72
167.31,38.77,72
167.35,40.57,72
167.38,37.28,120
167.41,40.11,72
167.44,40.11,72
167.47,39.1,120
167.5,40.58,72
167.53,39.44,72
167.56,36.96,72
167.6,36.92,156
167.64,40.35,72
167.67,40.73,48
167.7,40.72,72
167.73,36.96,72
167.76,40.55,72
167.8,37.09,72
167.83,37.91,48
167.86,37.91,72
167.89,42.98,48
167.93,38.36,72
167.97,39.08,144
168.0,39.65,72
168.04,36.61,72
168.08,35.2,48
168.11,37.55,72
168.14,36.87,120
168.17,32.49,72
168.2,37.76,120
168.23,40.05,72
168.26,40.05,72
168.29,37.73,72
168.32,35.33,120
168.35,41.85,72
168.4,37.53,72
168.43,40.35,72
168.47,39.39,72
168.5,38.49,72
168.53,36.34,120
168.57,38.38,120
168.6,35.22,120
168.63,38.3,120
168.66,40.99,48
168.69,40.99,120
168.73,36.86,72
168.76,30.77,48
168.8,37.18,120
168.83,37.84,120
168.87,35.75,120
168.9,40.98,60
168.93,38.44,120
168.97,38.3,120
169.0,34.17,120
169.04,34.39,120
169.07,34.5,120
169.1,38.07,120
169.13,38.07,120
169.16,35.28,120
169.2,35.64,120
169.24,35.78,120
169.27,36.22,120
169.31,39.63,120
169.35,37.32,144
169.38,43.23,48
169.41,39.22,72
169.44,36.52,120
169.47,47.16,48
169.5,44.92,96
169.53,47.33,96
169.56,47.33,48
169.6,55.95,48
169.64,50.65,72
169.67,55.27,120
169.7,51.49,48
169.73,39.31,72
169.76,44.95,48
169.79,44.74,48
169.83,47.15,48
169.86,41.95,48
169.89,38.84,48
169.93,45.95,72
169.96,45.95,72
170.0,49.59,72
170.04,45.67,72
170.07,42.29,72
170.1,43.24,96
170.13,57.23,72
170.17,56.63,72
170.2,52.24,72
170.23,52.98,72
170.26,49.46,96
170.29,51.53,96
170.33,55.95,96
170.38,56.89,72
170.41,53.04,72
170.44,51.17,72
170.48,52.16,72
170.51,49.83,72
170.54,58.22,72
170.57,54.32,72
170.6,55.27,96
170.63,45.21,72
170.68,57.83,96
170.71,50.07,72
170.75,60.22,96
170.78,56.12,96
170.82,61.29,72
170.85,62.14,72
170.88,60.19,72
170.91,57.91,96
170.95,49.98,96
170.99,50.64,96
171.02,56.99,96
171.05,52.02,96
171.08,55.58,108
171.11,58.69,96
171.14,57.7,96
171.17,45.73,96
171.2,50.9,96
171.23,63.57,96
171.27,57.04,96
171.3,57.73,96
171.34,53.4,108
171.37,56.03,108
171.4,50.56,108
171.43,60.48,96
171.47,62.65,96
171.5,61.89,96
171.53,59.4,96
171.56,48.7,96
171.59,60.1,96
171.62,58.17,96
171.65,54.3,96
171.7,57.52,96
171.73,54.34,96
171.76,63.6,96
171.8,52.55,96
171.84,56.9,96
171.87,51.58,60
171.9,61.35,96
171.93,56.54,96
171.96,53.14,96
171.99,60.07,96
172.02,58.54,96
172.05,58.44,96
172.08,62.35,96
172.13,57.3,96
172.16,57.97,96
172.19,63.61,96
172.23,57.77,96
172.26,62.0,96
172.3,58.84,96
172.33,55.94,96
172.36,58.2,96
172.39,51.0,96
172.42,55.4,96
172.45,57.41,96
172.48,60.78,96
172.51,58.94,96
172.56,58.17,96
172.59,60.45,96
172.63,56.48,96
172.66,56.92,96
172.69,58.6,96
172.73,59.54,96
172.76,57.42,96
172.79,58.33,96
172.82,63.39,96
172.86,65.03,96
172.89,52.18,96
172.92,59.6,96
172.96,58.68,96
172.99,61.2,96
173.03,51.8,96
173.06,60.0,96
173.09,55.27,96
173.12,63.67,96
173.15,49.59,96
173.2,56.45,96
173.23,53.06,96
173.26,57.72,96
173.29,62.65,96
173.32,60.7,96
173.35,66.86,96
173.39,53.62,96
173.43,56.61,96
173.46,56.73,96
173.49,59.21,96
173.52,53.99,96
173.56,62.29,96
173.59,54.8,96
173.63,57.76,96
173.66,50.89,96
173.69,39.26,60
173.72,29.22,60
173.72,29.22,60
173.78,41.91,96
173.78,41.91,96
173.86,44.49,96
173.89,36.39,96
173.92,35.02,60
173.95,41.44,96
173.95,41.44,96
174.02,37.38,96
174.06,33.15,96
174.09,39.81,96
174.12,36.03,96
174.15,33.87,96
174.18,33.78,96
174.22,30.88,96
174.26,31.45,96
174.29,36.14,96
174.32,39.22,60
174.36,34.23,96
174.39,32.14,96
174.42,32.95,96
174.45,30.34,96
174.48,32.31,96
174.51,29.28,96
174.55,27.61,96
174.59,33.47,96
174.62,37.37,96
174.66,32.51,60
174.7,31.51,96
174.73,28.46,60
174.77,28.57,60
174.8,34.93,84
174.84,35.88,96
174.88,34.72,96
174.91,32.49,96
174.95,31.65,96
174.98,38.39,84
175.0,33.84,96
175.04,28.96,96
175.07,31.21,84
175.1,29.89,96
175.13,30.98,96
175.16,30.74,96
175.19,29.75,84
175.22,38.81,96
175.25,35.96,96
175.28,29.03,84
175.32,28.84,96
175.35,28.19,84
175.38,34.87,96
175.41,35.15,84
175.44,38.49,84
175.47,46.82,84
175.52,39.28,84
175.55,39.56,84
175.6,33.29,96
175.63,38.65,84
175.67,42.96,84
175.71,51.17,84
175.74,41.83,84
175.78,42.35,84
175.82,51.31,84
175.85,40.3,84
175.92,43.87,84
175.97,47.05,84
176.0,40.1,84
176.03,37.67,84
176.06,43.28,84
176.1,34.23,48
176.13,44.36,84
176.16,40.55,84
176.19,45.57,84
176.22,46.61,84
176.25,42.65,84
176.28,43.43,84
176.31,46.08,84
176.34,51.35,84
176.37,46.25,84
176.4,47.5,84
176.43,48.77,84
176.47,57.45,84
176.5,52.37,60
176.53,57.21,84
176.56,54.56,84
176.59,56.55,84
176.62,58.94,84
176.65,60.59,60
176.68,61.38,84
176.71,65.82,84
176.74,60.4,84
176.78,58.4,60
176.81,55.82,60
176.84,59.0,60
176.87,59.14,84
176.9,57.48,60
176.93,54.28,84
176.96,51.44,60
177.0,58.26,84
177.03,54.63,84
177.06,53.72,60
177.09,60.43,60
177.12,56.16,60
177.15,49.88,60
177.18,52.29,60
177.22,51.64,60
177.25,51.79,60
177.29,46.2,84
177.32,50.11,60
177.35,41.92,84
177.38,49.54,60
177.42,42.31,60
177.49,43.57,60
177.52,43.18,60
177.55,50.68,60
177.58,49.19,60
177.62,48.83,60
177.69,46.28,60
177.74,53.03,84
177.8,56.06,84
177.83,49.17,60
177.86,52.07,60
177.89,52.03,60
177.92,57.78,84
177.95,47.42,60
177.98,56.45,60
178.02,56.3,60
178.08,59.99,60
178.11,57.78,60
178.14,49.75,84
178.17,48.41,84
178.2,59.55,48
178.23,55.38,60
178.26,56.26,60
178.29,56.91,60
178.32,53.53,48
178.35,54.21,60
178.4,65.79,60
178.43,65.79,60
178.46,67.86,60
178.49,64.12,60
178.53,61.06,60
178.56,67.72,60
178.59,68.08,60
178.62,71.35,60
178.65,61.93,84
178.68,69.52,60
178.71,63.06,84
178.74,55.89,84
178.8,67.53,84
178.84,61.43,60
178.87,61.43,60
178.9,54.5,60
178.93,59.9,60
178.96,59.35,60
178.99,55.62,60
179.02,53.89,60
179.05,55.41,60
179.08,57.28,60
179.11,58.3,84
179.14,62.59,60
179.2,56.46,60
179.24,53.52,60
179.27,44.65,84
179.3,44.65,84
179.33,54.6,60
179.36,59.89,60
179.39,50.13,84
179.42,44.36,84
179.45,44.39,84
179.49,41.4,84
179.52,43.27,60
179.55,38.35,84
179.6,47.41,60
179.64,51.23,60
179.67,49.53,60
179.7,49.53,84
179.74,44.81,60
179.77,50.35,60
179.8,42.09,60
179.83,48.24,60
179.86,51.05,60
179.89,43.04,60
179.92,43.64,60
179.95,39.26,60
180.0,47.02,60
180.04,53.73,60
180.07,45.81,60
180.11,46.24,60
180.14,46.24,60
180.17,51.23,60
180.2,59.0,60
180.23,60.64,60
180.26,46.8,60
180.29,49.22,60
180.33,47.34,84
180.37,43.99,48
180.4,44.58,48
180.44,47.23,48
180.47,40.15,96
180.52,55.31,60
180.55,53.68,60
180.58,53.68,96
180.61,40.41,96
180.65,44.76,60
180.68,61.48,60
180.71,48.75,60
180.74,59.08,84
180.77,43.24,120
180.8,48.5,84
180.83,45.21,60
180.87,51.47,84
180.9,50.81,96
180.93,44.98,60
180.96,51.16,84
180.99,51.16,120
181.02,52.53,120
181.05,53.58,120
181.08,53.49,120
181.11,52.63,120
181.14,48.3,96
181.2,56.63,120
181.24,54.06,120
181.27,48.64,120
181.3,58.16,144
181.33,57.05,120
181.36,46.92,120
181.39,46.92,120
181.42,53.54,120
181.46,55.08,120
181.49,56.58,120
181.52,44.74,144
181.55,36.39,84
181.6,53.92,120
181.64,59.47,120
181.67,58.04,72
181.7,61.43,72
181.73,50.66,120
181.76,51.8,120
181.79,53.62,120
181.83,53.62,120
181.86,49.94,120
181.89,55.66,120
181.92,52.22,120
181.95,42.99,120
182.0,52.97,120
182.04,44.04,120
182.07,47.23,120
182.11,57.65,120
182.15,51.52,120
182.18,55.6,120
182.21,52.74,120
182.24,51.42,120
182.27,51.42,120
182.31,52.36,120
182.34,52.54,120
182.37,52.76,120
182.4,48.42,120
182.43,55.69,120
182.47,58.36,120
182.51,56.51,120
182.54,50.44,120
182.57,49.2,120
182.6,51.67,120
182.63,53.33,120
182.66,55.24,120
182.69,55.24,108
182.72,44.63,120
182.76,47.83,120
182.8,60.03,108
182.83,50.68,120
182.87,44.57,120
182.91,49.01,120
182.94,57.94,120
182.97,43.61,120
183.0,52.34,120
183.04,46.65,108
183.07,56.5,120
183.1,56.5,120
183.13,51.54,120
183.16,58.07,120
183.21,58.37,120
183.25,48.36,120
183.29,58.29,120
183.32,48.88,120
183.35,54.93,120
183.38,46.05,120
183.41,56.79,120
183.44,48.1,120
183.47,52.97,120
183.5,51.64,120
183.53,51.64,120
183.56,46.81,120
183.6,51.22,120
183.64,45.96,120
183.67,46.02,120
183.7,43.56,120
183.73,45.99,120
183.77,48.57,120
183.8,48.42,120
183.83,50.49,120
183.86,43.21,120
183.89,47.08,120
183.92,55.52,120
183.95,55.52,120
184.0,42.5,120
184.03,47.85,120
184.08,43.72,120
184.11,48.46,120
184.14,52.68,120
184.17,48.77,120
184.2,50.06,120
184.23,40.31,60
184.26,47.83,120
184.29,46.63,120
184.32,46.04,120
184.35,48.92,120
184.4,40.29,120
184.44,48.78,120
184.47,40.03,120
184.51,40.17,120
184.54,42.76,120
184.57,47.51,120
184.6,40.49,60
184.63,45.74,120
184.68,45.78,120
184.72,46.83,120
184.75,42.58,120
184.78,45.15,120
184.82,52.99,60
184.85,46.38,120
184.88,54.04,60
184.91,45.39,120
184.94,49.12,60
184.97,35.22,72
185.0,57.84,120
185.03,53.71,120
185.06,51.18,120
185.09,52.62,120
185.12,47.37,72
185.16,46.51,72
185.19,46.78,72
185.22,53.49,72
185.27,45.48,72
185.3,40.53,72
185.33,40.09,72
185.36,37.48,72
185.39,48.61,72
185.44,48.54,72
185.47,43.11,60
185.5,55.12,72
185.53,41.65,72
185.56,41.49,72
185.62,45.85,72
185.65,42.63,60
185.69,42.05,72
185.74,50.65,48
185.78,49.85,72
185.82,51.46,72
185.85,43.42,72
185.89,45.05,72
185.92,37.72,72
185.95,44.1,72
185.98,38.79,72
186.01,36.25,72
186.04,37.82,72
186.07,50.2,72
186.1,48.85,72
186.13,49.06,72
186.17,41.35,72
186.2,53.56,72
186.23,36.15,72
186.26,43.63,72
186.29,45.01,72
186.32,47.39,72
186.35,49.11,72
186.38,53.76,72
186.41,43.17,72
186.44,48.59,72
186.47,42.76,72
186.5,45.58,72
186.54,41.43,72
186.57,41.28,72
186.6,55.09,72
186.63,41.7,72
186.66,42.77,72
186.69,59.09,60
186.72,43.79,72
186.75,46.72,72
186.79,43.88,72
186.82,41.26,72
186.87,36.97,72
186.92,38.33,72
186.96,48.21,60
186.99,46.0,72
187.02,48.28,72
187.05,45.9,72
187.08,40.19,72
187.11,44.36,72
187.14,48.47,72
187.17,42.31,72
187.2,31.23,60
187.23,44.44,72
187.27,50.8,72
187.31,39.3,72
187.34,44.58,72
187.37,39.55,72
187.41,50.99,72
187.44,53.03,72
187.46,40.58,72
187.5,38.61,72
187.53,33.71,72
187.56,40.57,72
187.59,45.12,72
187.62,49.81,72
187.65,44.13,72
187.68,47.07,60
187.72,42.2,72
187.75,44.49,72
187.8,48.76,72
187.82,36.89,48
187.86,44.64,72
187.89,33.57,84
187.92,43.86,72
187.96,50.41,72
188.0,42.3,72
188.03,41.23,72
188.06,46.4,72
188.09,49.5,72
188.12,52.83,72
188.15,49.13,48
188.18,44.05,72
188.23,41.78,72
188.26,49.92,72
188.29,37.24,72
188.32,49.8,156
188.36,46.41,72
188.41,41.11,72
188.44,47.54,72
188.47,47.24,72
188.5,52.05,156
188.53,42.77,72
188.56,43.87,72
188.59,49.92,72
188.63,48.29,72
188.66,46.41,72
188.69,48.42,72
188.72,45.09,120
188.75,40.86,120
188.79,46.45,120
188.83,50.05,72
188.86,49.93,72
188.89,45.74,96
188.92,45.76,156
188.95,38.85,48
188.98,57.16,120
189.01,41.69,156
189.06,45.66,156
189.09,36.27,72
189.13,37.72,72
189.17,38.37,72
189.2,44.72,96
189.23,44.32,156
189.26,43.72,156
189.29,33.81,72
189.32,47.82,48
189.35,37.35,156
189.38,47.35,48
189.41,42.86,156
189.45,50.24,72
189.49,40.74,96
189.52,52.42,48
189.55,40.19,96
189.59,43.57,96
189.62,42.81,96
189.65,47.08,96
189.68,51.9,96
189.72,43.73,96
189.75,48.65,156
189.79,45.43,96
189.82,44.09,156
189.85,41.18,156
189.88,48.53,96
189.92,45.97,48
189.96,50.89,60
189.99,47.35,72
190.02,43.21,72
190.05,49.57,156
190.08,51.52,156
190.11,44.0,156
190.15,41.4,96
190.18,44.86,96
190.21,43.2,96
190.24,40.56,156
190.28,48.94,72
190.32,40.67,156
190.35,50.82,156
190.39,47.88,156
190.43,44.24,180
190.46,47.94,156
190.49,52.15,96
190.52,49.37,96
190.55,45.45,156
190.58,42.1,156
190.61,51.21,156
190.64,40.71,72
190.68,50.2,72
190.71,53.23,48
190.76,56.63,156
190.82,50.34,156
190.86,49.12,156
190.89,44.44,156
190.92,51.14,48
190.95,41.06,48
190.98,46.85,156
191.01,49.46,60
191.04,44.59,60
191.11,47.64,156
191.15,49.97,156
191.18,44.77,156
191.23,46.45,72
191.26,52.47,156
191.29,53.27,156
191.32,60.74,60
191.35,54.1,156
191.4,50.74,156
191.43,50.18,156
191.48,52.81,156
191.56,53.34,156
191.59,51.02,156
191.64,57.3,156
191.68,57.31,156
191.73,52.72,72
191.77,52.19,156
191.8,47.36,156
191.83,48.31,72
191.87,40.34,156
191.9,39.46,72
191.93,38.46,156
191.96,38.17,156
191.99,36.15,156
192.02,38.67,156
192.05,42.75,156
192.08,31.98,156
192.12,37.87,156
192.14,32.29,156
192.18,36.21,72
192.21,32.87,156
192.24,23.36,156
192.27,27.86,156
192.33,29.37,72
192.38,31.44,156
192.42,29.06,156
192.46,35.16,60
192.49,31.87,156
192.52,37.75,60
192.55,27.5,72
192.58,27.52,72
192.61,37.94,60
192.64,28.09,156
192.69,39.22,60
192.72,42.29,156
192.75,27.92,60
192.83,36.07,72
192.88,36.07,72
192.92,33.74,60
192.95,37.21,72
192.98,34.74,60
193.02,36.9,60
193.04,40.35,72
193.08,42.67,72
193.12,33.42,72
193.15,37.33,60
193.19,39.22,60
193.22,38.92,72
193.25,36.74,72
193.28,36.53,60
193.31,36.53,60
193.37,36.23,60
193.42,41.35,60
193.45,42.05,60
193.48,42.19,60
193.51,45.45,60
193.54,36.08,60
193.6,37.6,72
193.65,30.69,72
193.68,40.53,60
193.71,40.53,60
193.74,39.23,60
193.78,38.77,72
193.81,35.58,60
193.84,35.99,60
193.87,41.38,72
193.9,40.41,72
193.96,34.81,60
194.01,38.89,60
194.04,36.94,60
194.07,37.12,72
194.1,39.07,60
194.15,33.89,60
194.18,33.89,60
194.21,40.9,60
194.24,39.38,60
194.27,32.14,60
194.3,37.39,60
194.33,36.88,60
194.37,34.98,60
194.4,33.28,60
194.43,34.58,60
194.46,33.26,60
194.49,32.57,72
194.52,37.67,60
194.57,37.67,60
194.62,31.41,60
194.68,31.19,72
194.75,28.68,60
194.8,36.12,72
194.84,34.62,60
194.89,35.09,48
194.92,34.18,60
194.95,34.66,48
194.98,33.67,60
195.01,33.67,60
195.05,40.89,72
195.09,32.9,60
195.15,30.83,60
195.2,38.45,72
195.23,35.64,60
195.26,34.66,60
195.29,41.19,72
195.32,37.16,72
195.37,33.12,60
195.4,33.12,60
195.43,41.29,60
195.46,30.91,72
195.49,29.6,72
195.52,38.33,60
195.56,35.36,60
195.6,32.05,72
195.63,30.5,48
195.68,32.74,60
195.74,39.42,60
195.82,30.0,48
195.85,37.43,60
195.88,31.64,60
195.91,32.18,60
195.94,28.13,48
196.0,41.08,60
196.04,27.08,48
196.07,37.42,48
196.1,36.87,72
196.13,25.42,60
196.19,32.68,60
196.22,37.21,48
196.25,37.21,72
196.28,30.98,60
196.31,34.22,48
196.34,28.14,60
196.38,35.18,48
196.41,35.81,48
196.44,39.15,48
196.47,33.21,60
196.5,44.01,48
196.53,33.56,60
196.56,36.26,60
196.59,38.72,48
196.63,28.91,48
196.67,28.91,48
196.73,36.71,48
196.77,30.31,48
196.81,31.39,48
196.84,33.01,48
196.87,39.49,60
196.9,30.78,60
196.93,32.71,60
196.97,41.64,60
197.0,30.0,48
197.03,31.5,60
197.07,47.16,60
197.11,36.73,108
197.14,36.73,108
197.17,32.62,108
197.2,32.31,108
197.26,36.78,108
197.29,35.68,108
197.32,34.99,60
197.35,33.66,60
197.38,36.93,60
197.41,33.97,60
197.44,35.82,60
197.47,33.6,60
197.52,34.31,60
197.55,43.85,108
197.58,43.85,48
197.61,42.76,108
197.64,41.05,60
197.67,44.16,108
197.7,39.74,48
197.73,44.01,108
197.78,41.57,108
197.83,44.01,108
197.86,43.74,108
197.89,39.34,96
197.92,40.9,108
198.0,44.88,96
198.04,44.36,108
198.08,43.3,108
198.11,38.95,72
198.14,37.95,48
198.17,35.86,72
198.2,36.71,72
198.23,39.38,96
198.29,36.9,96
198.32,38.91,96
198.35,39.19,96
198.38,39.19,96
198.43,32.25,96
198.46,28.48,108
198.49,31.77,96
198.52,25.1,96
198.55,27.19,108
198.58,25.15,108
198.62,23.83,96
198.66,25.99,108
198.71,28.87,108
198.77,23.3,108
198.81,26.69,108
198.84,29.89,108
198.88,32.99,48
198.91,29.53,48
198.94,32.37,48
198.97,23.15,108
199.0,28.67,108
199.03,21.74,108
199.06,25.11,48
199.09,28.65,108
199.12,25.59,108
199.15,27.04,108
199.19,28.9,108
199.22,33.23,108
199.26,28.08,108
199.32,27.46,108
199.35,32.74,108
199.39,26.04,48
199.42,23.67,48
199.45,30.47,108
199.48,27.15,108
199.51,30.85,108
199.54,26.41,108
199.57,26.41,108
199.6,26.17,108
199.63,22.69,108
199.67,35.01,72
199.7,25.31,108
199.73,23.23,108
199.79,21.81,108
199.82,24.21,108
199.85,23.96,108
199.88,23.19,108
199.91,26.49,108
199.94,25.33,48
199.98,26.99,48
200.0,37.37,48
200.04,24.31,108
200.07,23.78,108
200.1,23.53,108
200.13,30.95,108
200.16,21.09,108
200.24,23.9,108
200.28,21.14,108
200.31,21.12,108
200.34,24.72,108
200.37,21.03,108
200.41,22.53,108
200.44,25.56,108
200.47,20.4,108
200.5,28.37,108
200.53,20.68,108
200.56,28.31,108
200.61,24.44,108
200.65,24.02,108
200.68,26.19,108
200.71,27.79,108
200.74,24.62,108
200.78,28.16,108
200.82,24.8,108
200.85,26.14,108
200.88,33.01,108
200.91,30.98,108
200.94,26.85,108
200.97,26.14,48
201.01,35.0,108
201.04,24.92,144
201.07,30.57,108
201.1,20.54,60
201.13,26.47,108
201.17,28.91,108
201.23,27.82,144
201.27,20.76,108
201.32,25.52,108
201.35,30.32,84
201.38,26.88,108
201.41,27.61,108
201.44,29.68,108
201.47,26.78,108
201.5,24.0,108
201.53,30.5,108
201.56,26.99,108
201.59,27.42,108
201.63,24.49,84
201.7,26.08,144
201.74,28.5,84
201.78,25.34,144
201.81,26.31,108
201.84,33.53,144
201.87,27.27,60
201.9,31.98,60
201.93,25.62,144
201.96,29.17,60
201.99,22.86,48
202.03,35.37,60
202.06,32.2,144
202.09,38.93,108
202.12,32.64,144
202.15,39.1,144
202.2,30.31,60
202.24,37.69,108
202.29,39.18,48
202.32,43.07,144
202.35,44.48,144
202.38,43.39,144
202.41,45.58,144
202.44,42.24,60
202.47,44.07,108
202.5,38.44,108
202.54,40.94,108
202.57,37.37,60
202.6,46.95,144
202.63,45.63,144
202.66,44.46,108
202.69,44.73,108
202.72,51.22,144
202.75,44.71,144
202.8,40.11,144
202.83,39.1,144
202.86,35.85,144
202.89,39.16,144
202.92,46.94,144
202.95,42.91,144
202.98,49.07,144
203.01,57.11,144
203.05,43.03,144
203.09,35.66,144
203.12,50.84,144
203.16,37.03,144
203.18,35.67,144
203.22,34.8,144
203.28,37.94,144
203.31,44.94,144
203.36,42.34,144
203.42,40.48,144
203.45,38.48,144
203.48,36.59,144
203.51,33.0,144
203.54,36.1,144
203.57,31.16,144
203.6,28.92,144
203.63,25.82,144
203.67,29.2,144
203.7,32.14,144
203.73,36.27,84
203.77,38.32,84
203.81,42.11,60
203.84,42.92,144
203.87,35.64,84
203.9,44.97,60
203.93,46.34,144
203.96,46.4,144
203.99,38.9,84
204.02,43.6,84
204.05,47.64,144
204.08,42.8,84
204.11,46.81,144
204.15,47.92,144
204.18,43.56,60
204.21,50.48,144
204.24,43.01,60
204.27,49.6,144
204.32,51.14,144
204.36,51.06,84
204.39,51.89,84
204.43,50.47,60
204.46,53.71,84
204.49,49.64,144
204.52,49.9,60
204.55,51.85,144
204.58,53.01,60
204.61,43.55,84
204.64,55.16,144
204.67,59.04,60
204.71,56.36,72
204.76,51.7,84
204.8,51.49,144
204.83,51.43,144
204.86,49.81,144
204.9,52.03,72
204.94,53.41,60
204.97,46.37,144
205.0,51.23,144
205.03,52.15,144
205.06,50.74,72
205.09,50.79,72
205.12,50.96,144
205.15,50.69,84
205.19,55.15,84
205.22,50.78,72
205.25,52.92,84
205.28,53.59,84
205.32,47.97,144
205.37,41.01,84
205.4,47.74,84
205.43,48.59,144
205.46,42.56,84
205.5,48.07,144
205.53,52.81,72
205.56,52.85,144
205.59,49.44,72
205.62,50.12,144
205.67,51.31,144
205.71,45.44,144
205.75,52.59,144
205.82,43.69,72
205.85,47.83,144
205.88,44.79,72
205.91,50.65,144
205.94,42.85,72
205.98,42.33,72
206.01,44.44,72
206.04,38.54,72
206.07,51.69,72
206.1,48.93,72
206.13,48.73,72
206.16,44.22,72
206.19,45.92,72
206.22,53.03,72
206.26,44.46,132
206.29,51.44,72
206.32,44.87,72
206.35,41.65,132
206.38,48.32,144
206.41,41.85,72
206.44,43.37,72
206.47,50.26,132
206.5,43.4,72
206.53,41.68,72
206.57,43.52,72
206.6,46.99,132
206.63,40.9,72
206.68,50.75,108
206.72,53.26,108
206.75,44.6,72
206.78,47.74,108
206.81,51.39,144
206.84,51.39,108
206.88,49.6,108
206.91,52.0,108
206.94,46.51,108
206.97,49.44,108
207.0,41.85,48
207.03,49.21,84
207.06,51.74,108
207.09,50.37,132
207.13,46.81,108
207.16,44.77,132
207.2,45.8,108
207.23,45.47,108
207.27,45.47,132
207.3,42.1,60
207.33,48.11,48
207.36,42.71,144
207.39,39.23,60
207.42,49.36,132
207.45,39.3,132
207.48,48.28,84
207.51,51.46,144
207.54,45.16,144
207.61,51.99,60
207.65,54.17,60
207.68,54.17,60
207.71,44.05,132
207.74,48.47,84
207.78,51.73,132
207.81,52.56,132
207.84,43.94,48
207.87,46.55,48
207.9,47.36,48
207.95,43.88,84
207.98,51.76,84
208.01,42.39,132
208.04,44.73,132
208.07,44.52,84
208.1,44.52,84
208.15,39.12,60
208.18,48.25,84
208.21,44.1,84
208.24,49.17,84
208.28,50.86,84
208.33,42.59,84
208.37,46.73,84
208.41,41.89,84
208.44,51.25,84
208.48,43.68,84
208.51,39.2,84
208.54,43.45,84
208.57,43.45,84
208.6,43.04,84
208.64,52.56,60
208.68,49.98,60
208.71,48.41,60
208.74,46.93,120
208.77,53.1,120
208.8,48.05,120
208.83,49.76,120
208.86,53.93,84
208.89,49.49,120
208.92,58.71,120
208.95,53.51,120
208.98,53.51,120
209.01,45.94,60
209.04,57.92,120
209.08,49.09,120
209.11,47.62,60
209.14,48.24,60
209.17,57.44,120
209.2,34.72,84
209.23,45.52,96
209.27,49.55,96
209.3,38.6,120
209.34,40.19,120
209.37,40.19,120
209.4,45.58,60
209.43,38.51,60
209.46,47.37,60
209.49,32.74,120
209.53,52.5,60
209.56,45.2,60
209.61,44.9,60
209.65,55.59,60
209.68,42.67,96
209.71,48.45,120
209.74,40.16,60
209.77,54.49,60
209.8,54.49,60
209.83,48.36,60
209.86,48.21,60
209.9,47.48,60
209.93,51.29,60
209.96,45.1,60
210.0,58.33,60
210.03,60.45,120
210.07,43.11,60
210.1,47.21,60
210.13,43.64,60
210.16,45.88,60
210.19,51.2,60
210.22,51.2,60
210.25,41.25,60
210.28,43.87,60
210.32,49.68,84
210.36,41.46,60
210.4,50.94,60
210.44,49.72,60
210.47,48.55,60
210.5,51.41,60
210.53,50.98,60
210.56,57.67,60
210.59,48.45,60
210.63,44.66,84
210.65,44.66,60
210.69,51.1,84
210.72,50.61,60
210.77,49.79,60
210.81,61.44,60
210.84,58.77,60
210.87,52.75,60
210.9,46.06,60
210.93,57.83,60
210.96,50.38,60
211.0,48.55,60
211.03,58.39,60
211.06,58.39,60
211.1,50.16,60
211.14,47.59,60
211.16,50.25,60
211.2,55.68,60
211.24,45.93,60
211.27,45.0,60
211.3,45.53,60
211.34,43.27,60
211.37,41.22,60
211.4,49.81,60
211.43,47.8,60
211.46,53.49,60
211.49,53.49,60
211.52,46.62,60
211.55,48.45,60
211.6,52.62,60
211.65,57.38,60
211.68,50.38,60
211.71,53.53,60
211.74,57.94,60
211.77,51.05,60
211.8,56.71,60
211.84,48.43,60
211.88,52.45,60
211.91,45.08,60
211.94,45.08,60
211.97,44.41,60
212.0,51.39,60
212.03,47.79,60
212.07,49.66,60
212.1,53.07,60
212.13,56.71,60
212.16,55.76,60
212.19,52.05,60
212.23,46.02,60
212.26,45.47,60
212.3,46.61,60
212.33,43.85,60
212.36,43.85,60
212.41,47.56,60
212.44,47.6,60
212.47,46.69,60
212.5,41.92,60
212.53,42.15,60
212.56,38.23,60
212.6,39.59,60
212.63,48.78,60
212.67,44.46,60
212.7,46.8,60
212.73,38.62,60
212.76,38.62,60
212.8,40.94,60
212.84,47.54,60
212.87,51.45,60
212.9,54.01,72
212.93,51.16,60
212.96,48.07,60
212.99,44.7,60
213.03,33.68,60
213.06,51.85,60
213.09,35.99,60
213.12,39.31,60
213.16,50.59,60
213.19,49.02,60
213.23,42.37,60
213.27,36.94,60
213.3,40.1,60
213.33,44.12,60
213.37,42.66,60
213.39,44.44,60
213.43,43.18,60
213.46,41.87,60
213.49,38.56,60
213.52,38.95,60
213.56,47.51,60
213.6,43.66,60
213.63,41.62,60
213.68,43.39,60
213.7,37.54,60
213.74,38.48,60
213.78,42.97,60
213.82,41.17,60
213.87,43.57,60
213.9,47.21,60
213.94,45.73,60
213.97,50.99,96
214.0,49.89,96
214.03,45.41,60
214.06,46.83,60
214.09,48.73,60
214.13,45.28,60
214.15,40.97,60
214.18,46.79,60
214.22,46.28,60
214.25,40.89,60
214.28,44.28,60
214.31,46.71,60
214.34,47.85,60
214.37,50.72,60
214.4,47.88,60
214.43,42.4,60
214.47,48.49,60
214.5,42.79,108
214.53,43.3,60
214.56,45.85,60
214.59,39.19,108
214.63,44.55,60
214.67,45.87,60
214.7,43.32,60
214.73,43.24,108
214.76,49.04,108
214.79,51.78,60
214.82,41.39,60
214.85,43.71,60
214.88,49.89,108
214.93,37.24,60
214.96,47.56,48
214.99,43.4,60
215.04,45.43,96
215.07,49.47,96
215.1,46.05,96
215.13,49.28,96
215.16,46.08,60
215.19,44.3,60
215.22,45.03,96
215.25,46.17,96
215.28,43.12,60
215.33,42.34,96
215.36,44.07,60
215.44,37.52,96
215.47,43.16,60
215.5,41.4,60
215.53,41.57,60
215.56,49.26,60
215.59,49.35,60
215.62,36.52,48
215.65,48.95,60
215.69,48.21,60
215.73,51.59,60
215.77,51.28,60
215.8,54.82,132
215.83,50.02,132
215.86,51.94,60
215.89,55.79,60
215.92,55.34,84
215.95,55.47,60
215.98,54.72,60
216.01,55.49,60
216.04,52.82,60
216.08,66.04,132
216.11,57.97,60
216.14,60.62,60
216.17,59.01,60
216.2,55.69,60
216.23,54.98,60
216.26,65.55,84
216.29,54.28,60
216.32,63.62,84
216.35,53.07,60
216.39,53.04,60
216.43,57.31,60
216.46,56.53,60
216.49,57.35,60
216.52,54.76,60
216.55,55.48,60
216.58,59.21,60
216.63,56.91,60
216.66,57.76,60
216.69,59.47,60
216.72,61.6,60
216.76,52.45,132
216.79,56.55,60
216.82,55.87,60
216.85,52.08,60
216.9,58.01,60
216.92,56.35,60
216.95,59.44,60
217.0,51.58,60
217.03,61.36,60
217.07,54.57,60
217.1,58.4,60
217.13,43.94,60
217.17,39.46,60
217.21,41.28,60
217.25,36.8,60
217.28,44.29,60
217.32,55.07,60
217.36,85.62,48
217.4,86.6,48
217.43,85.12,60
217.46,81.72,60
217.49,83.31,60
217.52,85.05,132
217.55,86.01,156
217.58,87.34,132
217.62,86.26,132
217.65,81.45,72
217.68,82.81,72
217.71,80.25,48
217.74,83.48,48
217.77,83.43,72
217.8,81.03,72
217.83,81.86,72
217.86,82.69,72
217.89,83.03,72
217.92,81.11,72
217.96,83.59,72
217.99,86.59,72
218.02,83.72,72
218.05,82.51,72
218.08,85.3,72
218.11,83.37,72
218.15,84.58,72
218.19,86.48,72
218.22,83.96,72
218.25,81.39,72
218.28,83.42,72
218.32,81.42,72
218.36,82.73,72
218.39,81.25,72
218.42,82.86,72
218.45,81.36,72
218.48,80.89,72
218.51,82.46,72
218.55,81.32,72
218.58,80.76,72
218.61,78.93,72
218.64,78.67,72
218.67,78.99,72
218.73,78.87,72
218.76,76.77,72
218.79,76.49,72
218.83,77.24,72
218.86,74.58,72
218.9,83.42,72
218.93,76.25,72
218.96,78.5,72
218.99,73.83,72
219.02,75.31,72
219.05,74.49,72
219.09,75.69,72
219.12,71.75,72
219.15,77.03,72
219.19,77.46,72
219.23,76.46,72
219.25,82.92,72
219.29,79.83,72
219.32,76.21,72
219.35,81.1,72
219.38,84.98,72
219.41,81.23,72
219.44,79.6,72
219.48,78.24,72
219.51,79.25,72
219.54,75.06,72
219.59,77.74,72
219.62,78.85,72
219.66,80.01,72
219.69,78.1,72
219.72,79.86,72
219.75,79.56,72
219.78,82.36,72
219.81,74.25,72
219.84,76.71,72
219.88,75.16,72
219.91,70.78,72
219.94,77.27,72
219.97,82.02,72
220.02,75.68,72
220.06,78.55,72
220.11,81.37,72
220.14,74.34,72
220.17,73.39,72
220.2,70.28,72
220.23,60.8,72
220.27,62.55,72
220.31,54.27,72
220.34,56.36,72
220.37,54.64,72
220.4,54.24,72
220.43,52.8,72
220.46,58.55,96
220.49,54.82,72
220.52,59.25,72
220.55,52.35,72
220.59,53.48,72
220.62,51.76,72
220.65,51.58,72
220.68,51.81,72
220.71,54.22,96
220.74,50.36,72
220.77,55.75,72
220.81,51.85,72
220.85,51.42,72
220.88,53.26,72
220.92,51.49,72
220.95,55.12,72
220.98,56.32,96
221.01,55.69,72
221.04,53.21,72
221.07,54.24,72
221.11,53.42,72
221.15,58.66,72
221.2,53.16,72
221.24,53.16,72
221.27,50.18,72
221.32,54.75,72
221.35,50.16,72
221.38,53.94,72
221.41,51.15,72
221.44,59.59,72
221.47,49.62,72
221.5,52.63,72
221.54,52.64,72
221.57,52.21,72
221.6,61.0,72
221.64,59.46,72
221.67,59.46,72
221.7,56.55,72
221.73,53.15,72
221.76,55.75,72
221.8,50.18,72
221.83,52.02,72
221.86,51.97,72
221.89,56.48,72
221.92,52.13,72
221.95,53.96,72
222.0,53.31,72
222.04,56.61,72
222.07,56.05,72
222.1,56.05,72
222.14,54.54,48
222.17,53.56,48
222.2,55.44,48
222.23,53.87,48
222.26,53.2,48
222.29,48.83,120
222.32,58.62,72
222.35,55.56,72
222.4,56.23,72
222.43,49.17,84
222.47,56.12,72
222.49,56.12,156
222.53,54.7,84
222.55,57.76,120
222.59,51.8,156
222.62,53.53,72
222.65,56.17,156
222.68,53.27,72
222.71,53.09,72
222.74,50.63,72
222.8,50.67,72
222.83,52.39,72
222.87,55.51,84
222.91,56.46,120
222.94,56.46,72
222.97,52.86,72
223.0,55.3,72
223.03,51.13,156
223.07,52.26,84
223.11,50.39,84
223.16,50.4,84
223.2,55.3,156
